"ID","SimilarityMetric","Label1","evaluationMode","Label2","FingerprintRadius","Label3","similarityThreshold","Label4","BA","sdBA","Label5","F1","sdF1","Label6","MCC","sdMCC","Label7","nFound","sdnFound","Label8","nNotFound","sdnNotFound"
"9","TanimotoSimilarity","evaluationMode:","top","FPRadius",3,"similarityThreshold:",0.9,"ba:",0.5,0,"f1:",1,0,"mcc",0,0,"found:",6,2.09,"notFound",1005,2.29
"11","TanimotoSimilarity","evaluationMode:","probability","FPRadius",3,"similarityThreshold:",0.9,"ba:",0.5,0,"f1:",1,0,"mcc",0,0,"found:",6,2.09,"notFound",1005,2.29
"260","calc_ergfp","evaluationMode:","probability","FPRadius",0,"similarityThreshold:",0.3,"ba:",0.55967,0.00479,"f1:",0.23937,0.03385,"mcc",0.11892,0.01696,"found:",1009,1.36,"notFound",2,1
"222","DiceSimilarity","evaluationMode:","probability","FPRadius",1,"similarityThreshold:",0.3,"ba:",0.56541,0.00417,"f1:",0.26172,0.0236,"mcc",0.13512,0.01141,"found:",1011,1.55,"notFound",1,0.46
"258","calc_ergfp","evaluationMode:","probability","FPRadius",0,"similarityThreshold:",0.35,"ba:",0.5624,0.00596,"f1:",0.34718,0.04463,"mcc",0.14943,0.0219,"found:",1008,1.5,"notFound",3,0.83
"215","DiceSimilarity","evaluationMode:","probability","FPRadius",1,"similarityThreshold:",0.35,"ba:",0.57148,0.0028,"f1:",0.39811,0.01875,"mcc",0.18014,0.0081,"found:",1010,1.85,"notFound",1,1.04
"256","calc_ergfp","evaluationMode:","probability","FPRadius",0,"similarityThreshold:",0.4,"ba:",0.57271,0.0075,"f1:",0.47377,0.05668,"mcc",0.19921,0.02852,"found:",1007,1.64,"notFound",5,1.33
"240","TverskySimilarity","evaluationMode:","probability","FPRadius",1,"similarityThreshold:",0.3,"ba:",0.57873,0.00396,"f1:",0.51025,0.01697,"mcc",0.22036,0.01251,"found:",1010,1.73,"notFound",2,1.1
"254","calc_ergfp","evaluationMode:","probability","FPRadius",0,"similarityThreshold:",0.45,"ba:",0.58116,0.00673,"f1:",0.59126,0.04846,"mcc",0.23997,0.02394,"found:",1005,2.95,"notFound",7,2.6
"193","DiceSimilarity","evaluationMode:","probability","FPRadius",1,"similarityThreshold:",0.4,"ba:",0.5847,0.00242,"f1:",0.53188,0.01539,"mcc",0.24014,0.00781,"found:",1009,1.62,"notFound",2,1.11
"210","DiceSimilarity","evaluationMode:","probability","FPRadius",2,"similarityThreshold:",0.3,"ba:",0.58744,0.00291,"f1:",0.56764,0.01369,"mcc",0.25359,0.00911,"found:",1009,1.43,"notFound",2,1.14
"252","calc_ergfp","evaluationMode:","probability","FPRadius",0,"similarityThreshold:",0.5,"ba:",0.59539,0.00717,"f1:",0.68472,0.04,"mcc",0.28936,0.02283,"found:",997,3.82,"notFound",14,3.38
"234","TverskySimilarity","evaluationMode:","probability","FPRadius",1,"similarityThreshold:",0.35,"ba:",0.59878,0.00328,"f1:",0.67292,0.01088,"mcc",0.29864,0.00976,"found:",1009,1.58,"notFound",2,1.02
"147","DiceSimilarity","evaluationMode:","probability","FPRadius",1,"similarityThreshold:",0.45,"ba:",0.59978,0.00266,"f1:",0.64971,0.01248,"mcc",0.29942,0.00837,"found:",1007,1.8,"notFound",4,1.78
"139","TanimotoSimilarity","evaluationMode:","probability","FPRadius",1,"similarityThreshold:",0.3,"ba:",0.60279,0.00292,"f1:",0.66919,0.01291,"mcc",0.30996,0.00905,"found:",1007,1.85,"notFound",5,1.67
"153","DiceSimilarity","evaluationMode:","probability","FPRadius",2,"similarityThreshold:",0.35,"ba:",0.60679,0.00298,"f1:",0.68886,0.01286,"mcc",0.32301,0.00954,"found:",1006,1.8,"notFound",5,1.6
"250","calc_ergfp","evaluationMode:","probability","FPRadius",0,"similarityThreshold:",0.55,"ba:",0.6137,0.00735,"f1:",0.75944,0.02397,"mcc",0.34382,0.01941,"found:",989,4.3,"notFound",22,3.41
"169","DiceSimilarity","evaluationMode:","probability","FPRadius",3,"similarityThreshold:",0.3,"ba:",0.61527,0.00357,"f1:",0.72353,0.01278,"mcc",0.34913,0.01088,"found:",1005,1.9,"notFound",7,1.62
"141","DiceSimilarity","evaluationMode:","probability","FPRadius",1,"similarityThreshold:",0.5,"ba:",0.6161,0.0042,"f1:",0.73247,0.01127,"mcc",0.35139,0.01275,"found:",1004,2.49,"notFound",8,1.95
"228","TverskySimilarity","evaluationMode:","probability","FPRadius",1,"similarityThreshold:",0.4,"ba:",0.62334,0.00388,"f1:",0.77632,0.01037,"mcc",0.37007,0.01084,"found:",1008,1.5,"notFound",3,1
"119","TanimotoSimilarity","evaluationMode:","probability","FPRadius",1,"similarityThreshold:",0.35,"ba:",0.62649,0.00472,"f1:",0.76464,0.01202,"mcc",0.38054,0.01365,"found:",1002,2.34,"notFound",10,2.18
"232","TverskySimilarity","evaluationMode:","probability","FPRadius",2,"similarityThreshold:",0.3,"ba:",0.62978,0.00304,"f1:",0.79201,0.00853,"mcc",0.38687,0.00846,"found:",1008,1.33,"notFound",4,1.3
"137","DiceSimilarity","evaluationMode:","probability","FPRadius",2,"similarityThreshold:",0.4,"ba:",0.62965,0.00464,"f1:",0.77058,0.01027,"mcc",0.38955,0.01329,"found:",998,3.67,"notFound",13,3.63
"6","TanimotoSimilarity","evaluationMode:","top","FPRadius",2,"similarityThreshold:",0.9,"ba:",0.7,0.24495,"f1:",1,0,"mcc",0.4,0.4899,"found:",8,1.96,"notFound",1003,1.85
"7","TanimotoSimilarity","evaluationMode:","probability","FPRadius",2,"similarityThreshold:",0.9,"ba:",0.7,0.24495,"f1:",1,0,"mcc",0.4,0.4899,"found:",8,1.96,"notFound",1003,1.85
"10","TanimotoSimilarity","evaluationMode:","top","FPRadius",3,"similarityThreshold:",0.85,"ba:",0.7,0.24495,"f1:",1,0,"mcc",0.4,0.4899,"found:",9,2.1,"notFound",1002,2.24
"12","TanimotoSimilarity","evaluationMode:","probability","FPRadius",3,"similarityThreshold:",0.85,"ba:",0.7,0.24495,"f1:",1,0,"mcc",0.4,0.4899,"found:",9,2.1,"notFound",1002,2.24
"248","calc_ergfp","evaluationMode:","probability","FPRadius",0,"similarityThreshold:",0.6,"ba:",0.637,0.00907,"f1:",0.81839,0.01688,"mcc",0.40371,0.02224,"found:",975,4.23,"notFound",36,3.47
"131","DiceSimilarity","evaluationMode:","probability","FPRadius",1,"similarityThreshold:",0.55,"ba:",0.63819,0.00593,"f1:",0.79994,0.01188,"mcc",0.40938,0.016,"found:",993,3.73,"notFound",18,3.23
"142","DiceSimilarity","evaluationMode:","probability","FPRadius",3,"similarityThreshold:",0.35,"ba:",0.65042,0.00656,"f1:",0.81637,0.0136,"mcc",0.44265,0.01664,"found:",989,4.56,"notFound",23,4.47
"246","calc_ergfp","evaluationMode:","probability","FPRadius",0,"similarityThreshold:",0.65,"ba:",0.65574,0.01087,"f1:",0.85266,0.0139,"mcc",0.44301,0.02497,"found:",942,6.51,"notFound",69,5.98
"78","TanimotoSimilarity","evaluationMode:","probability","FPRadius",1,"similarityThreshold:",0.4,"ba:",0.65239,0.00543,"f1:",0.82655,0.00932,"mcc",0.44521,0.01506,"found:",984,5.03,"notFound",27,5.12
"221","TverskySimilarity","evaluationMode:","probability","FPRadius",1,"similarityThreshold:",0.45,"ba:",0.66239,0.00839,"f1:",0.85669,0.01093,"mcc",0.45845,0.01818,"found:",1007,1.78,"notFound",5,1.7
"133","DiceSimilarity","evaluationMode:","probability","FPRadius",2,"similarityThreshold:",0.45,"ba:",0.66421,0.00866,"f1:",0.84461,0.01341,"mcc",0.47274,0.02107,"found:",976,4.8,"notFound",36,4.65
"123","DiceSimilarity","evaluationMode:","probability","FPRadius",1,"similarityThreshold:",0.6,"ba:",0.67173,0.00755,"f1:",0.85446,0.00976,"mcc",0.48836,0.0193,"found:",960,8.78,"notFound",51,8.82
"82","TanimotoSimilarity","evaluationMode:","probability","FPRadius",2,"similarityThreshold:",0.3,"ba:",0.67412,0.0107,"f1:",0.85873,0.01294,"mcc",0.49305,0.02647,"found:",963,6.7,"notFound",48,6.42
"224","TverskySimilarity","evaluationMode:","probability","FPRadius",2,"similarityThreshold:",0.35,"ba:",0.67865,0.00982,"f1:",0.87387,0.01315,"mcc",0.49391,0.01934,"found:",1006,1.68,"notFound",6,1.26
"244","calc_ergfp","evaluationMode:","probability","FPRadius",0,"similarityThreshold:",0.7,"ba:",0.68384,0.01137,"f1:",0.88618,0.01033,"mcc",0.50055,0.01996,"found:",874,9.04,"notFound",137,9.05
"66","TanimotoSimilarity","evaluationMode:","probability","FPRadius",1,"similarityThreshold:",0.45,"ba:",0.68664,0.01115,"f1:",0.87027,0.01312,"mcc",0.51661,0.02488,"found:",928,10.77,"notFound",83,10.37
"227","TverskySimilarity","evaluationMode:","probability","FPRadius",3,"similarityThreshold:",0.3,"ba:",0.69131,0.00896,"f1:",0.88673,0.0109,"mcc",0.51935,0.01739,"found:",1005,2.01,"notFound",6,1.4
"242","calc_ergfp","evaluationMode:","probability","FPRadius",0,"similarityThreshold:",0.75,"ba:",0.70277,0.02219,"f1:",0.9116,0.0151,"mcc",0.53141,0.04003,"found:",752,9.49,"notFound",260,9.97
"213","TverskySimilarity","evaluationMode:","probability","FPRadius",1,"similarityThreshold:",0.5,"ba:",0.71019,0.01109,"f1:",0.9077,0.00847,"mcc",0.54095,0.01938,"found:",1004,2.69,"notFound",8,2.05
"134","DiceSimilarity","evaluationMode:","probability","FPRadius",3,"similarityThreshold:",0.4,"ba:",0.70809,0.01264,"f1:",0.89595,0.01175,"mcc",0.55742,0.02492,"found:",935,9.31,"notFound",76,8.91
"216","TverskySimilarity","evaluationMode:","probability","FPRadius",2,"similarityThreshold:",0.4,"ba:",0.7169,0.01359,"f1:",0.9088,0.01101,"mcc",0.5618,0.0241,"found:",1000,3.62,"notFound",11,3.58
"111","DiceSimilarity","evaluationMode:","probability","FPRadius",1,"similarityThreshold:",0.65,"ba:",0.7224,0.01288,"f1:",0.90492,0.01169,"mcc",0.57855,0.02488,"found:",871,7.91,"notFound",140,7.26
"218","TverskySimilarity","evaluationMode:","probability","FPRadius",3,"similarityThreshold:",0.35,"ba:",0.72564,0.01479,"f1:",0.91333,0.01136,"mcc",0.58191,0.02687,"found:",995,4.71,"notFound",16,4.63
"127","DiceSimilarity","evaluationMode:","probability","FPRadius",2,"similarityThreshold:",0.5,"ba:",0.72314,0.01758,"f1:",0.90615,0.01287,"mcc",0.58459,0.03403,"found:",908,8.39,"notFound",103,7.75
"204","TverskySimilarity","evaluationMode:","probability","FPRadius",1,"similarityThreshold:",0.55,"ba:",0.7416,0.01449,"f1:",0.92716,0.0086,"mcc",0.58649,0.02143,"found:",999,3.69,"notFound",13,3.49
"239","calc_ergfp","evaluationMode:","probability","FPRadius",0,"similarityThreshold:",0.8,"ba:",0.73716,0.02207,"f1:",0.9393,0.00921,"mcc",0.59293,0.03448,"found:",566,10.34,"notFound",445,10.75
"257","calc_ergfp","evaluationMode:","top","FPRadius",0,"similarityThreshold:",0.35,"ba:",0.80145,0.02069,"f1:",0.95112,0.00487,"mcc",0.59478,0.03826,"found:",1008,1.5,"notFound",3,0.83
"259","calc_ergfp","evaluationMode:","top","FPRadius",0,"similarityThreshold:",0.3,"ba:",0.80228,0.0208,"f1:",0.95097,0.00481,"mcc",0.59583,0.03813,"found:",1009,1.36,"notFound",2,1
"255","calc_ergfp","evaluationMode:","top","FPRadius",0,"similarityThreshold:",0.4,"ba:",0.80193,0.02075,"f1:",0.95134,0.00487,"mcc",0.59631,0.03811,"found:",1007,1.64,"notFound",5,1.33
"253","calc_ergfp","evaluationMode:","top","FPRadius",0,"similarityThreshold:",0.45,"ba:",0.80192,0.02087,"f1:",0.95128,0.00503,"mcc",0.59654,0.03884,"found:",1005,2.95,"notFound",7,2.6
"251","calc_ergfp","evaluationMode:","top","FPRadius",0,"similarityThreshold:",0.5,"ba:",0.80186,0.02119,"f1:",0.95113,0.0051,"mcc",0.59683,0.0396,"found:",997,3.82,"notFound",14,3.38
"249","calc_ergfp","evaluationMode:","top","FPRadius",0,"similarityThreshold:",0.55,"ba:",0.80279,0.02012,"f1:",0.95154,0.00482,"mcc",0.60037,0.03768,"found:",989,4.3,"notFound",22,3.41
"247","calc_ergfp","evaluationMode:","top","FPRadius",0,"similarityThreshold:",0.6,"ba:",0.80575,0.01994,"f1:",0.9526,0.00476,"mcc",0.60839,0.03756,"found:",975,4.23,"notFound",36,3.47
"207","TverskySimilarity","evaluationMode:","probability","FPRadius",2,"similarityThreshold:",0.45,"ba:",0.74471,0.01733,"f1:",0.92552,0.01103,"mcc",0.61126,0.03099,"found:",986,5.33,"notFound",26,5.14
"56","TanimotoSimilarity","evaluationMode:","probability","FPRadius",1,"similarityThreshold:",0.5,"ba:",0.74653,0.0116,"f1:",0.91998,0.00861,"mcc",0.6218,0.02181,"found:",833,7.52,"notFound",178,7.06
"245","calc_ergfp","evaluationMode:","top","FPRadius",0,"similarityThreshold:",0.65,"ba:",0.81229,0.0186,"f1:",0.95404,0.00489,"mcc",0.62197,0.03832,"found:",942,6.51,"notFound",69,5.98
"68","TanimotoSimilarity","evaluationMode:","probability","FPRadius",2,"similarityThreshold:",0.35,"ba:",0.75307,0.01574,"f1:",0.92503,0.01092,"mcc",0.63223,0.02395,"found:",862,6.84,"notFound",149,6.27
"194","TverskySimilarity","evaluationMode:","probability","FPRadius",1,"similarityThreshold:",0.6,"ba:",0.77316,0.01814,"f1:",0.94072,0.00788,"mcc",0.6344,0.02745,"found:",981,6.2,"notFound",30,5.96
"212","TverskySimilarity","evaluationMode:","probability","FPRadius",3,"similarityThreshold:",0.4,"ba:",0.76086,0.01668,"f1:",0.93268,0.00909,"mcc",0.63897,0.02452,"found:",962,6.8,"notFound",50,6.69
"243","calc_ergfp","evaluationMode:","top","FPRadius",0,"similarityThreshold:",0.7,"ba:",0.82262,0.02021,"f1:",0.95681,0.00523,"mcc",0.64301,0.04091,"found:",874,9.04,"notFound",137,9.05
"200","TverskySimilarity","evaluationMode:","probability","FPRadius",2,"similarityThreshold:",0.5,"ba:",0.77233,0.01734,"f1:",0.93781,0.00891,"mcc",0.6541,0.02643,"found:",947,7.1,"notFound",65,6.94
"184","TverskySimilarity","evaluationMode:","probability","FPRadius",1,"similarityThreshold:",0.65,"ba:",0.78631,0.01902,"f1:",0.94371,0.00831,"mcc",0.66127,0.02931,"found:",938,10.84,"notFound",73,10.74
"241","calc_ergfp","evaluationMode:","top","FPRadius",0,"similarityThreshold:",0.75,"ba:",0.83281,0.0221,"f1:",0.96225,0.00508,"mcc",0.66692,0.03812,"found:",752,9.49,"notFound",260,9.97
"211","TverskySimilarity","evaluationMode:","top","FPRadius",1,"similarityThreshold:",0.5,"ba:",0.88584,0.0177,"f1:",0.96489,0.00242,"mcc",0.69155,0.0242,"found:",1004,2.69,"notFound",8,2.05
"226","TverskySimilarity","evaluationMode:","top","FPRadius",1,"similarityThreshold:",0.4,"ba:",0.88645,0.01791,"f1:",0.96511,0.00251,"mcc",0.69215,0.02558,"found:",1008,1.5,"notFound",3,1
"238","TverskySimilarity","evaluationMode:","top","FPRadius",1,"similarityThreshold:",0.3,"ba:",0.8865,0.01787,"f1:",0.96516,0.00245,"mcc",0.69222,0.02468,"found:",1010,1.73,"notFound",2,1.1
"231","TverskySimilarity","evaluationMode:","top","FPRadius",1,"similarityThreshold:",0.35,"ba:",0.88615,0.01743,"f1:",0.96516,0.00249,"mcc",0.69229,0.02536,"found:",1009,1.58,"notFound",2,1.02
"220","TverskySimilarity","evaluationMode:","top","FPRadius",1,"similarityThreshold:",0.45,"ba:",0.88655,0.01792,"f1:",0.96511,0.00257,"mcc",0.69265,0.02623,"found:",1007,1.78,"notFound",5,1.7
"202","TverskySimilarity","evaluationMode:","top","FPRadius",1,"similarityThreshold:",0.55,"ba:",0.88624,0.01779,"f1:",0.96491,0.00267,"mcc",0.69275,0.02692,"found:",999,3.69,"notFound",13,3.49
"188","TverskySimilarity","evaluationMode:","top","FPRadius",1,"similarityThreshold:",0.6,"ba:",0.88798,0.01773,"f1:",0.96523,0.00268,"mcc",0.69806,0.02693,"found:",981,6.2,"notFound",30,5.96
"178","TverskySimilarity","evaluationMode:","probability","FPRadius",1,"similarityThreshold:",0.7,"ba:",0.81769,0.02138,"f1:",0.95264,0.00771,"mcc",0.70837,0.02868,"found:",833,16.27,"notFound",179,15.94
"179","TverskySimilarity","evaluationMode:","top","FPRadius",1,"similarityThreshold:",0.65,"ba:",0.89325,0.01532,"f1:",0.96544,0.00247,"mcc",0.7088,0.02583,"found:",938,10.84,"notFound",73,10.74
"206","TverskySimilarity","evaluationMode:","probability","FPRadius",3,"similarityThreshold:",0.45,"ba:",0.81146,0.01508,"f1:",0.95274,0.00576,"mcc",0.71151,0.01879,"found:",878,14.23,"notFound",133,13.63
"130","DiceSimilarity","evaluationMode:","probability","FPRadius",3,"similarityThreshold:",0.45,"ba:",0.80426,0.01373,"f1:",0.94912,0.00601,"mcc",0.71396,0.02184,"found:",814,7.96,"notFound",198,7.93
"197","TverskySimilarity","evaluationMode:","probability","FPRadius",2,"similarityThreshold:",0.55,"ba:",0.81959,0.01707,"f1:",0.95456,0.00577,"mcc",0.71675,0.02381,"found:",855,11.78,"notFound",156,11.34
"186","DiceSimilarity","evaluationMode:","top","FPRadius",1,"similarityThreshold:",0.4,"ba:",0.85316,0.01898,"f1:",0.96438,0.00453,"mcc",0.71976,0.03485,"found:",1009,1.62,"notFound",2,1.11
"138","DiceSimilarity","evaluationMode:","top","FPRadius",1,"similarityThreshold:",0.5,"ba:",0.85308,0.01932,"f1:",0.96415,0.00454,"mcc",0.71984,0.0345,"found:",1004,2.49,"notFound",8,1.95
"219","DiceSimilarity","evaluationMode:","top","FPRadius",1,"similarityThreshold:",0.3,"ba:",0.85313,0.01949,"f1:",0.96443,0.00462,"mcc",0.72008,0.03483,"found:",1011,1.55,"notFound",1,0.46
"208","DiceSimilarity","evaluationMode:","top","FPRadius",1,"similarityThreshold:",0.35,"ba:",0.85319,0.01932,"f1:",0.9644,0.00454,"mcc",0.72009,0.0345,"found:",1010,1.85,"notFound",1,1.04
"145","DiceSimilarity","evaluationMode:","top","FPRadius",1,"similarityThreshold:",0.45,"ba:",0.85418,0.01982,"f1:",0.96452,0.00461,"mcc",0.7216,0.03474,"found:",1007,1.8,"notFound",4,1.78
"136","TanimotoSimilarity","evaluationMode:","top","FPRadius",1,"similarityThreshold:",0.3,"ba:",0.85449,0.01969,"f1:",0.96457,0.00463,"mcc",0.72167,0.03505,"found:",1007,1.85,"notFound",5,1.67
"113","TanimotoSimilarity","evaluationMode:","top","FPRadius",1,"similarityThreshold:",0.35,"ba:",0.85433,0.02,"f1:",0.96436,0.00468,"mcc",0.72171,0.03538,"found:",1002,2.34,"notFound",10,2.18
"129","DiceSimilarity","evaluationMode:","top","FPRadius",1,"similarityThreshold:",0.55,"ba:",0.85535,0.01993,"f1:",0.96452,0.00483,"mcc",0.72359,0.03675,"found:",993,3.73,"notFound",18,3.23
"237","calc_ergfp","evaluationMode:","top","FPRadius",0,"similarityThreshold:",0.8,"ba:",0.85782,0.02246,"f1:",0.97153,0.00303,"mcc",0.7236,0.02526,"found:",566,10.34,"notFound",445,10.75
"70","TanimotoSimilarity","evaluationMode:","top","FPRadius",1,"similarityThreshold:",0.4,"ba:",0.85588,0.0187,"f1:",0.96505,0.0047,"mcc",0.72895,0.03584,"found:",984,5.03,"notFound",27,5.12
"118","DiceSimilarity","evaluationMode:","top","FPRadius",1,"similarityThreshold:",0.6,"ba:",0.85831,0.01889,"f1:",0.96545,0.00482,"mcc",0.73479,0.03683,"found:",960,8.78,"notFound",51,8.82
"120","DiceSimilarity","evaluationMode:","probability","FPRadius",2,"similarityThreshold:",0.55,"ba:",0.82003,0.01533,"f1:",0.95442,0.00601,"mcc",0.74154,0.01678,"found:",776,6.77,"notFound",236,6.19
"173","TverskySimilarity","evaluationMode:","top","FPRadius",1,"similarityThreshold:",0.7,"ba:",0.90432,0.01177,"f1:",0.96795,0.00269,"mcc",0.74319,0.02897,"found:",833,16.27,"notFound",179,15.94
"74","TanimotoSimilarity","evaluationMode:","probability","FPRadius",3,"similarityThreshold:",0.3,"ba:",0.82562,0.01672,"f1:",0.95654,0.00614,"mcc",0.74322,0.02278,"found:",781,9.02,"notFound",230,8.83
"59","TanimotoSimilarity","evaluationMode:","top","FPRadius",1,"similarityThreshold:",0.45,"ba:",0.86325,0.01887,"f1:",0.96589,0.00477,"mcc",0.74347,0.03574,"found:",928,10.77,"notFound",83,10.37
"144","DiceSimilarity","evaluationMode:","top","FPRadius",2,"similarityThreshold:",0.35,"ba:",0.8752,0.01825,"f1:",0.969,0.00383,"mcc",0.75234,0.02632,"found:",1006,1.8,"notFound",5,1.6
"196","DiceSimilarity","evaluationMode:","top","FPRadius",2,"similarityThreshold:",0.3,"ba:",0.87525,0.01824,"f1:",0.9691,0.00381,"mcc",0.75244,0.02631,"found:",1009,1.43,"notFound",2,1.14
"135","DiceSimilarity","evaluationMode:","top","FPRadius",2,"similarityThreshold:",0.4,"ba:",0.87559,0.01849,"f1:",0.96902,0.00391,"mcc",0.75393,0.02733,"found:",998,3.67,"notFound",13,3.63
"143","DiceSimilarity","evaluationMode:","top","FPRadius",3,"similarityThreshold:",0.3,"ba:",0.88164,0.01856,"f1:",0.96992,0.0039,"mcc",0.75686,0.02928,"found:",1005,1.9,"notFound",7,1.62
"223","TverskySimilarity","evaluationMode:","top","FPRadius",2,"similarityThreshold:",0.35,"ba:",0.90799,0.01115,"f1:",0.97188,0.00218,"mcc",0.75878,0.02086,"found:",1006,1.68,"notFound",6,1.26
"214","TverskySimilarity","evaluationMode:","top","FPRadius",2,"similarityThreshold:",0.4,"ba:",0.90799,0.01127,"f1:",0.97177,0.00214,"mcc",0.75917,0.02064,"found:",1000,3.62,"notFound",11,3.58
"229","TverskySimilarity","evaluationMode:","top","FPRadius",2,"similarityThreshold:",0.3,"ba:",0.90855,0.01143,"f1:",0.97205,0.0022,"mcc",0.75983,0.02083,"found:",1008,1.33,"notFound",4,1.3
"225","TverskySimilarity","evaluationMode:","top","FPRadius",3,"similarityThreshold:",0.3,"ba:",0.91011,0.01643,"f1:",0.97213,0.00246,"mcc",0.76161,0.02119,"found:",1005,2.01,"notFound",6,1.4
"205","TverskySimilarity","evaluationMode:","top","FPRadius",2,"similarityThreshold:",0.45,"ba:",0.90864,0.01175,"f1:",0.97208,0.00232,"mcc",0.76242,0.0219,"found:",986,5.33,"notFound",26,5.14
"217","TverskySimilarity","evaluationMode:","top","FPRadius",3,"similarityThreshold:",0.35,"ba:",0.91013,0.01691,"f1:",0.97213,0.00273,"mcc",0.76301,0.02348,"found:",995,4.71,"notFound",16,4.63
"107","DiceSimilarity","evaluationMode:","top","FPRadius",1,"similarityThreshold:",0.65,"ba:",0.87162,0.01664,"f1:",0.96808,0.00424,"mcc",0.76551,0.03145,"found:",871,7.91,"notFound",140,7.26
"128","DiceSimilarity","evaluationMode:","top","FPRadius",2,"similarityThreshold:",0.45,"ba:",0.87949,0.0182,"f1:",0.97034,0.00405,"mcc",0.76557,0.0295,"found:",976,4.8,"notFound",36,4.65
"140","DiceSimilarity","evaluationMode:","top","FPRadius",3,"similarityThreshold:",0.35,"ba:",0.88615,0.01969,"f1:",0.97087,0.00425,"mcc",0.76565,0.03237,"found:",989,4.56,"notFound",23,4.47
"103","DiceSimilarity","evaluationMode:","probability","FPRadius",1,"similarityThreshold:",0.7,"ba:",0.83256,0.01569,"f1:",0.95608,0.00641,"mcc",0.76596,0.02048,"found:",700,9.57,"notFound",311,9.7
"73","TanimotoSimilarity","evaluationMode:","top","FPRadius",2,"similarityThreshold:",0.3,"ba:",0.88117,0.01923,"f1:",0.97059,0.00426,"mcc",0.76914,0.03076,"found:",963,6.7,"notFound",48,6.42
"209","TverskySimilarity","evaluationMode:","top","FPRadius",3,"similarityThreshold:",0.4,"ba:",0.91558,0.01861,"f1:",0.97292,0.00309,"mcc",0.77365,0.02502,"found:",962,6.8,"notFound",50,6.69
"199","TverskySimilarity","evaluationMode:","top","FPRadius",2,"similarityThreshold:",0.5,"ba:",0.91421,0.01184,"f1:",0.97287,0.00289,"mcc",0.77495,0.0251,"found:",947,7.1,"notFound",65,6.94
"170","TverskySimilarity","evaluationMode:","probability","FPRadius",1,"similarityThreshold:",0.75,"ba:",0.86511,0.01422,"f1:",0.96409,0.00314,"mcc",0.77668,0.01907,"found:",638,15.43,"notFound",373,15.2
"46","TanimotoSimilarity","evaluationMode:","top","FPRadius",1,"similarityThreshold:",0.5,"ba:",0.88087,0.01251,"f1:",0.97017,0.00321,"mcc",0.78317,0.02526,"found:",833,7.52,"notFound",178,7.06
"132","DiceSimilarity","evaluationMode:","top","FPRadius",3,"similarityThreshold:",0.4,"ba:",0.89367,0.01979,"f1:",0.97286,0.00397,"mcc",0.78568,0.03118,"found:",935,9.31,"notFound",76,8.91
"124","DiceSimilarity","evaluationMode:","top","FPRadius",2,"similarityThreshold:",0.5,"ba:",0.88999,0.01905,"f1:",0.97236,0.00392,"mcc",0.7882,0.02825,"found:",908,8.39,"notFound",103,7.75
"166","TverskySimilarity","evaluationMode:","top","FPRadius",1,"similarityThreshold:",0.75,"ba:",0.92034,0.01095,"f1:",0.97113,0.00422,"mcc",0.78995,0.03345,"found:",638,15.43,"notFound",373,15.2
"63","TanimotoSimilarity","evaluationMode:","probability","FPRadius",2,"similarityThreshold:",0.4,"ba:",0.86276,0.01915,"f1:",0.96653,0.00608,"mcc",0.79868,0.02562,"found:",714,8.28,"notFound",298,8.14
"149","TverskySimilarity","evaluationMode:","top","FPRadius",3,"similarityThreshold:",0.9,"ba:",0.9,0.2,"f1:",1,0,"mcc",0.8,0.4,"found:",23,2.91,"notFound",989,3.22
"152","TverskySimilarity","evaluationMode:","probability","FPRadius",3,"similarityThreshold:",0.9,"ba:",0.9,0.2,"f1:",1,0,"mcc",0.8,0.4,"found:",23,2.91,"notFound",989,3.22
"65","TanimotoSimilarity","evaluationMode:","top","FPRadius",2,"similarityThreshold:",0.35,"ba:",0.89835,0.02037,"f1:",0.97401,0.00414,"mcc",0.80411,0.03009,"found:",862,6.84,"notFound",149,6.27
"203","TverskySimilarity","evaluationMode:","top","FPRadius",3,"similarityThreshold:",0.45,"ba:",0.92685,0.01553,"f1:",0.97604,0.00302,"mcc",0.80589,0.02518,"found:",878,14.23,"notFound",133,13.63
"191","TverskySimilarity","evaluationMode:","top","FPRadius",2,"similarityThreshold:",0.55,"ba:",0.92463,0.00792,"f1:",0.97566,0.00234,"mcc",0.80627,0.02095,"found:",855,11.78,"notFound",156,11.34
"50","TanimotoSimilarity","evaluationMode:","probability","FPRadius",1,"similarityThreshold:",0.55,"ba:",0.86785,0.01063,"f1:",0.96787,0.00294,"mcc",0.81394,0.01101,"found:",651,9.33,"notFound",361,9.83
"201","TverskySimilarity","evaluationMode:","probability","FPRadius",3,"similarityThreshold:",0.5,"ba:",0.88912,0.01122,"f1:",0.97271,0.00246,"mcc",0.81457,0.01562,"found:",753,17.23,"notFound",258,16.66
"190","TverskySimilarity","evaluationMode:","probability","FPRadius",2,"similarityThreshold:",0.6,"ba:",0.89735,0.01295,"f1:",0.97476,0.00283,"mcc",0.83145,0.01222,"found:",714,13.8,"notFound",297,13.43
"125","DiceSimilarity","evaluationMode:","top","FPRadius",3,"similarityThreshold:",0.45,"ba:",0.91684,0.02121,"f1:",0.97812,0.00448,"mcc",0.83582,0.03199,"found:",814,7.96,"notFound",198,7.93
"198","TverskySimilarity","evaluationMode:","top","FPRadius",3,"similarityThreshold:",0.5,"ba:",0.94084,0.01237,"f1:",0.97932,0.0025,"mcc",0.84305,0.02103,"found:",753,17.23,"notFound",258,16.66
"116","DiceSimilarity","evaluationMode:","top","FPRadius",2,"similarityThreshold:",0.55,"ba:",0.9182,0.02012,"f1:",0.97905,0.00443,"mcc",0.84542,0.03222,"found:",776,6.77,"notFound",236,6.19
"236","calc_ergfp","evaluationMode:","probability","FPRadius",0,"similarityThreshold:",0.85,"ba:",0.89687,0.02424,"f1:",0.98629,0.00306,"mcc",0.84787,0.02652,"found:",361,11.07,"notFound",651,11.86
"126","DiceSimilarity","evaluationMode:","probability","FPRadius",3,"similarityThreshold:",0.5,"ba:",0.89363,0.01512,"f1:",0.97621,0.00405,"mcc",0.84808,0.02053,"found:",683,8.49,"notFound",329,8.06
"99","DiceSimilarity","evaluationMode:","top","FPRadius",1,"similarityThreshold:",0.7,"ba:",0.91246,0.01258,"f1:",0.97765,0.00294,"mcc",0.84871,0.02107,"found:",700,9.57,"notFound",311,9.7
"185","TverskySimilarity","evaluationMode:","top","FPRadius",2,"similarityThreshold:",0.6,"ba:",0.93874,0.00983,"f1:",0.97987,0.00238,"mcc",0.85058,0.01983,"found:",714,13.8,"notFound",297,13.43
"69","TanimotoSimilarity","evaluationMode:","top","FPRadius",3,"similarityThreshold:",0.3,"ba:",0.92667,0.02064,"f1:",0.98022,0.00408,"mcc",0.85191,0.02873,"found:",781,9.02,"notFound",230,8.83
"114","DiceSimilarity","evaluationMode:","probability","FPRadius",2,"similarityThreshold:",0.6,"ba:",0.91117,0.01243,"f1:",0.97943,0.0032,"mcc",0.87074,0.01963,"found:",633,9.22,"notFound",379,9.65
"57","TanimotoSimilarity","evaluationMode:","top","FPRadius",2,"similarityThreshold:",0.4,"ba:",0.9352,0.01725,"f1:",0.982,0.00361,"mcc",0.87141,0.02516,"found:",714,8.28,"notFound",298,8.14
"40","TanimotoSimilarity","evaluationMode:","top","FPRadius",1,"similarityThreshold:",0.55,"ba:",0.9298,0.01229,"f1:",0.98122,0.00225,"mcc",0.87144,0.01745,"found:",651,9.33,"notFound",361,9.83
"160","TverskySimilarity","evaluationMode:","top","FPRadius",1,"similarityThreshold:",0.8,"ba:",0.94992,0.01478,"f1:",0.98163,0.0042,"mcc",0.87635,0.02936,"found:",419,12.39,"notFound",592,12.02
"67","TanimotoSimilarity","evaluationMode:","probability","FPRadius",3,"similarityThreshold:",0.35,"ba:",0.91846,0.01074,"f1:",0.98133,0.00238,"mcc",0.87742,0.01578,"found:",636,9.95,"notFound",375,9.5
"235","calc_ergfp","evaluationMode:","top","FPRadius",0,"similarityThreshold:",0.85,"ba:",0.9276,0.01038,"f1:",0.98983,0.00196,"mcc",0.87907,0.02278,"found:",361,11.07,"notFound",651,11.86
"163","TverskySimilarity","evaluationMode:","probability","FPRadius",1,"similarityThreshold:",0.8,"ba:",0.9408,0.01774,"f1:",0.98179,0.00485,"mcc",0.88065,0.0332,"found:",419,12.39,"notFound",592,12.02
"44","TanimotoSimilarity","evaluationMode:","probability","FPRadius",1,"similarityThreshold:",0.6,"ba:",0.91991,0.00813,"f1:",0.98143,0.003,"mcc",0.88452,0.01447,"found:",508,12.66,"notFound",503,13.07
"97","DiceSimilarity","evaluationMode:","probability","FPRadius",1,"similarityThreshold:",0.75,"ba:",0.91991,0.00813,"f1:",0.98143,0.003,"mcc",0.88452,0.01447,"found:",508,12.66,"notFound",503,13.07
"192","TverskySimilarity","evaluationMode:","top","FPRadius",3,"similarityThreshold:",0.55,"ba:",0.95903,0.00864,"f1:",0.98533,0.0019,"mcc",0.89387,0.01454,"found:",617,10.88,"notFound",395,10.13
"195","TverskySimilarity","evaluationMode:","probability","FPRadius",3,"similarityThreshold:",0.55,"ba:",0.94585,0.007,"f1:",0.98525,0.00077,"mcc",0.89678,0.00761,"found:",617,10.88,"notFound",395,10.13
"122","DiceSimilarity","evaluationMode:","top","FPRadius",3,"similarityThreshold:",0.5,"ba:",0.94764,0.01429,"f1:",0.98582,0.002,"mcc",0.89734,0.0138,"found:",683,8.49,"notFound",329,8.06
"180","TverskySimilarity","evaluationMode:","top","FPRadius",2,"similarityThreshold:",0.65,"ba:",0.95862,0.00962,"f1:",0.98592,0.00214,"mcc",0.89971,0.01383,"found:",558,12.69,"notFound",454,12.46
"121","DiceSimilarity","evaluationMode:","probability","FPRadius",3,"similarityThreshold:",0.55,"ba:",0.94155,0.01306,"f1:",0.98536,0.00292,"mcc",0.90463,0.01786,"found:",559,9.22,"notFound",452,9.77
"182","TverskySimilarity","evaluationMode:","probability","FPRadius",2,"similarityThreshold:",0.65,"ba:",0.95083,0.00937,"f1:",0.9865,0.00192,"mcc",0.90625,0.01368,"found:",558,12.69,"notFound",454,12.46
"109","DiceSimilarity","evaluationMode:","top","FPRadius",2,"similarityThreshold:",0.6,"ba:",0.95428,0.01621,"f1:",0.98714,0.00254,"mcc",0.91167,0.01747,"found:",633,9.22,"notFound",379,9.65
"36","TanimotoSimilarity","evaluationMode:","top","FPRadius",1,"similarityThreshold:",0.6,"ba:",0.95199,0.01187,"f1:",0.98727,0.00337,"mcc",0.91507,0.0202,"found:",508,12.66,"notFound",503,13.07
"92","DiceSimilarity","evaluationMode:","top","FPRadius",1,"similarityThreshold:",0.75,"ba:",0.95199,0.01187,"f1:",0.98727,0.00337,"mcc",0.91507,0.0202,"found:",508,12.66,"notFound",503,13.07
"64","TanimotoSimilarity","evaluationMode:","top","FPRadius",3,"similarityThreshold:",0.35,"ba:",0.96083,0.0164,"f1:",0.98812,0.00253,"mcc",0.91559,0.018,"found:",636,9.95,"notFound",375,9.5
"176","TverskySimilarity","evaluationMode:","probability","FPRadius",2,"similarityThreshold:",0.7,"ba:",0.96338,0.01122,"f1:",0.98871,0.00281,"mcc",0.91808,0.01783,"found:",421,12.47,"notFound",590,13.07
"174","TverskySimilarity","evaluationMode:","top","FPRadius",2,"similarityThreshold:",0.7,"ba:",0.96652,0.00986,"f1:",0.98883,0.00271,"mcc",0.91834,0.01718,"found:",421,12.47,"notFound",590,13.07
"189","TverskySimilarity","evaluationMode:","probability","FPRadius",3,"similarityThreshold:",0.6,"ba:",0.95957,0.00804,"f1:",0.98863,0.00216,"mcc",0.92021,0.01495,"found:",493,12.72,"notFound",518,12.56
"61","TanimotoSimilarity","evaluationMode:","probability","FPRadius",2,"similarityThreshold:",0.45,"ba:",0.94272,0.01209,"f1:",0.98775,0.00274,"mcc",0.92023,0.01761,"found:",572,7.95,"notFound",439,8.44
"187","TverskySimilarity","evaluationMode:","top","FPRadius",3,"similarityThreshold:",0.6,"ba:",0.96756,0.00906,"f1:",0.98924,0.00231,"mcc",0.9233,0.01586,"found:",493,12.72,"notFound",518,12.56
"117","DiceSimilarity","evaluationMode:","top","FPRadius",3,"similarityThreshold:",0.55,"ba:",0.96465,0.01277,"f1:",0.9889,0.0024,"mcc",0.92441,0.01678,"found:",559,9.22,"notFound",452,9.77
"35","TanimotoSimilarity","evaluationMode:","probability","FPRadius",1,"similarityThreshold:",0.65,"ba:",0.95708,0.00957,"f1:",0.98919,0.00199,"mcc",0.92884,0.01276,"found:",365,13.39,"notFound",646,14.29
"181","TverskySimilarity","evaluationMode:","top","FPRadius",3,"similarityThreshold:",0.65,"ba:",0.97299,0.00698,"f1:",0.99115,0.00163,"mcc",0.93402,0.01321,"found:",386,16.5,"notFound",625,17.04
"183","TverskySimilarity","evaluationMode:","probability","FPRadius",3,"similarityThreshold:",0.65,"ba:",0.97316,0.00707,"f1:",0.99129,0.0017,"mcc",0.93508,0.01389,"found:",386,16.5,"notFound",625,17.04
"62","TanimotoSimilarity","evaluationMode:","probability","FPRadius",3,"similarityThreshold:",0.4,"ba:",0.95713,0.01225,"f1:",0.99076,0.00293,"mcc",0.93543,0.02019,"found:",513,11.82,"notFound",498,12.2
"52","TanimotoSimilarity","evaluationMode:","top","FPRadius",2,"similarityThreshold:",0.45,"ba:",0.96402,0.01426,"f1:",0.99071,0.00265,"mcc",0.9359,0.01911,"found:",572,7.95,"notFound",439,8.44
"108","DiceSimilarity","evaluationMode:","probability","FPRadius",2,"similarityThreshold:",0.65,"ba:",0.95756,0.00974,"f1:",0.99088,0.0024,"mcc",0.9361,0.01738,"found:",500,11.18,"notFound",511,11.66
"115","DiceSimilarity","evaluationMode:","probability","FPRadius",3,"similarityThreshold:",0.6,"ba:",0.9635,0.01035,"f1:",0.99123,0.00251,"mcc",0.937,0.01666,"found:",459,14.81,"notFound",553,15.22
"27","TanimotoSimilarity","evaluationMode:","top","FPRadius",1,"similarityThreshold:",0.65,"ba:",0.96731,0.01158,"f1:",0.99081,0.00228,"mcc",0.93854,0.01503,"found:",365,13.39,"notFound",646,14.29
"54","TanimotoSimilarity","evaluationMode:","probability","FPRadius",2,"similarityThreshold:",0.5,"ba:",0.96274,0.00825,"f1:",0.99151,0.00218,"mcc",0.93955,0.01395,"found:",461,12.52,"notFound",551,13.18
"104","DiceSimilarity","evaluationMode:","top","FPRadius",2,"similarityThreshold:",0.65,"ba:",0.96559,0.0135,"f1:",0.99172,0.00277,"mcc",0.94087,0.02012,"found:",500,11.18,"notFound",511,11.66
"60","TanimotoSimilarity","evaluationMode:","probability","FPRadius",3,"similarityThreshold:",0.45,"ba:",0.9687,0.01008,"f1:",0.99196,0.00248,"mcc",0.94131,0.01791,"found:",420,14.28,"notFound",591,14.76
"58","TanimotoSimilarity","evaluationMode:","top","FPRadius",3,"similarityThreshold:",0.4,"ba:",0.96934,0.0114,"f1:",0.99194,0.00252,"mcc",0.94208,0.01739,"found:",513,11.82,"notFound",498,12.2
"53","TanimotoSimilarity","evaluationMode:","top","FPRadius",3,"similarityThreshold:",0.45,"ba:",0.97059,0.01033,"f1:",0.99224,0.00251,"mcc",0.94346,0.01733,"found:",420,14.28,"notFound",591,14.76
"90","DiceSimilarity","evaluationMode:","probability","FPRadius",1,"similarityThreshold:",0.8,"ba:",0.96762,0.00765,"f1:",0.99178,0.00183,"mcc",0.94394,0.01185,"found:",336,14.56,"notFound",676,15.49
"110","DiceSimilarity","evaluationMode:","top","FPRadius",3,"similarityThreshold:",0.6,"ba:",0.97018,0.0114,"f1:",0.99224,0.00276,"mcc",0.94408,0.0183,"found:",459,14.81,"notFound",553,15.22
"48","TanimotoSimilarity","evaluationMode:","top","FPRadius",2,"similarityThreshold:",0.5,"ba:",0.96867,0.01268,"f1:",0.99227,0.00265,"mcc",0.94426,0.01872,"found:",461,12.52,"notFound",551,13.18
"86","DiceSimilarity","evaluationMode:","top","FPRadius",1,"similarityThreshold:",0.8,"ba:",0.97201,0.01103,"f1:",0.99214,0.00204,"mcc",0.9461,0.01327,"found:",336,14.56,"notFound",676,15.49
"230","calc_ergfp","evaluationMode:","top","FPRadius",0,"similarityThreshold:",0.9,"ba:",0.9698,0.02033,"f1:",0.99521,0.00206,"mcc",0.94742,0.02314,"found:",208,8.84,"notFound",804,9.44
"233","calc_ergfp","evaluationMode:","probability","FPRadius",0,"similarityThreshold:",0.9,"ba:",0.9698,0.02033,"f1:",0.99521,0.00206,"mcc",0.94742,0.02314,"found:",208,8.84,"notFound",804,9.44
"29","TanimotoSimilarity","evaluationMode:","probability","FPRadius",1,"similarityThreshold:",0.7,"ba:",0.97517,0.01107,"f1:",0.99272,0.00259,"mcc",0.94787,0.01767,"found:",271,10.86,"notFound",740,11.64
"47","TanimotoSimilarity","evaluationMode:","probability","FPRadius",2,"similarityThreshold:",0.55,"ba:",0.9732,0.01109,"f1:",0.9932,0.0018,"mcc",0.94889,0.01191,"found:",366,14.36,"notFound",645,14.96
"102","DiceSimilarity","evaluationMode:","probability","FPRadius",2,"similarityThreshold:",0.7,"ba:",0.97401,0.0102,"f1:",0.99315,0.00184,"mcc",0.94932,0.01323,"found:",390,13,"notFound",621,13.46
"25","TanimotoSimilarity","evaluationMode:","top","FPRadius",1,"similarityThreshold:",0.7,"ba:",0.97656,0.01233,"f1:",0.99294,0.00255,"mcc",0.94944,0.01739,"found:",271,10.86,"notFound",740,11.64
"41","TanimotoSimilarity","evaluationMode:","top","FPRadius",2,"similarityThreshold:",0.55,"ba:",0.97429,0.01154,"f1:",0.99335,0.00177,"mcc",0.95012,0.01126,"found:",366,14.36,"notFound",645,14.96
"98","DiceSimilarity","evaluationMode:","top","FPRadius",2,"similarityThreshold:",0.7,"ba:",0.97505,0.01056,"f1:",0.9933,0.00173,"mcc",0.95049,0.01181,"found:",390,13,"notFound",621,13.46
"175","TverskySimilarity","evaluationMode:","top","FPRadius",3,"similarityThreshold:",0.7,"ba:",0.98246,0.00708,"f1:",0.99364,0.00159,"mcc",0.95109,0.01021,"found:",298,11.12,"notFound",713,11.33
"177","TverskySimilarity","evaluationMode:","probability","FPRadius",3,"similarityThreshold:",0.7,"ba:",0.98268,0.00709,"f1:",0.99382,0.00156,"mcc",0.95251,0.01013,"found:",298,11.12,"notFound",713,11.33
"55","TanimotoSimilarity","evaluationMode:","probability","FPRadius",3,"similarityThreshold:",0.5,"ba:",0.97568,0.00863,"f1:",0.99371,0.00217,"mcc",0.95285,0.01503,"found:",342,15.84,"notFound",670,16.27
"51","TanimotoSimilarity","evaluationMode:","top","FPRadius",3,"similarityThreshold:",0.5,"ba:",0.97684,0.00872,"f1:",0.99388,0.00206,"mcc",0.95417,0.01373,"found:",342,15.84,"notFound",670,16.27
"154","TverskySimilarity","evaluationMode:","top","FPRadius",1,"similarityThreshold:",0.85,"ba:",0.97788,0.01046,"f1:",0.99386,0.00276,"mcc",0.95505,0.01967,"found:",254,10.97,"notFound",757,10.95
"167","TverskySimilarity","evaluationMode:","top","FPRadius",2,"similarityThreshold:",0.75,"ba:",0.98704,0.00609,"f1:",0.99396,0.00145,"mcc",0.95522,0.01076,"found:",315,12.74,"notFound",696,12.83
"112","DiceSimilarity","evaluationMode:","probability","FPRadius",3,"similarityThreshold:",0.65,"ba:",0.97763,0.00797,"f1:",0.99416,0.00198,"mcc",0.95616,0.01445,"found:",368,15.45,"notFound",644,16.03
"105","DiceSimilarity","evaluationMode:","top","FPRadius",3,"similarityThreshold:",0.65,"ba:",0.97874,0.00795,"f1:",0.99432,0.00187,"mcc",0.95741,0.01313,"found:",368,15.45,"notFound",644,16.03
"171","TverskySimilarity","evaluationMode:","probability","FPRadius",2,"similarityThreshold:",0.75,"ba:",0.98743,0.00622,"f1:",0.99432,0.00155,"mcc",0.95798,0.01147,"found:",315,12.74,"notFound",696,12.83
"157","TverskySimilarity","evaluationMode:","probability","FPRadius",1,"similarityThreshold:",0.85,"ba:",0.979,0.01028,"f1:",0.99475,0.00279,"mcc",0.96224,0.01887,"found:",254,10.97,"notFound",757,10.95
"38","TanimotoSimilarity","evaluationMode:","top","FPRadius",2,"similarityThreshold:",0.6,"ba:",0.98261,0.00673,"f1:",0.99627,0.00064,"mcc",0.97059,0.00537,"found:",292,13.78,"notFound",719,14.37
"42","TanimotoSimilarity","evaluationMode:","probability","FPRadius",2,"similarityThreshold:",0.6,"ba:",0.98261,0.00673,"f1:",0.99627,0.00064,"mcc",0.97059,0.00537,"found:",292,13.78,"notFound",719,14.37
"94","DiceSimilarity","evaluationMode:","top","FPRadius",2,"similarityThreshold:",0.75,"ba:",0.98261,0.00673,"f1:",0.99627,0.00064,"mcc",0.97059,0.00537,"found:",292,13.78,"notFound",719,14.37
"96","DiceSimilarity","evaluationMode:","probability","FPRadius",2,"similarityThreshold:",0.75,"ba:",0.98261,0.00673,"f1:",0.99627,0.00064,"mcc",0.97059,0.00537,"found:",292,13.78,"notFound",719,14.37
"79","DiceSimilarity","evaluationMode:","top","FPRadius",1,"similarityThreshold:",0.85,"ba:",0.98617,0.01013,"f1:",0.99662,0.0017,"mcc",0.97447,0.0131,"found:",204,11.53,"notFound",807,12.11
"84","DiceSimilarity","evaluationMode:","probability","FPRadius",1,"similarityThreshold:",0.85,"ba:",0.98617,0.01013,"f1:",0.99662,0.0017,"mcc",0.97447,0.0131,"found:",204,11.53,"notFound",807,12.11
"43","TanimotoSimilarity","evaluationMode:","top","FPRadius",3,"similarityThreshold:",0.55,"ba:",0.98495,0.00417,"f1:",0.99747,0.00084,"mcc",0.97779,0.00895,"found:",267,11.79,"notFound",744,12.33
"49","TanimotoSimilarity","evaluationMode:","probability","FPRadius",3,"similarityThreshold:",0.55,"ba:",0.98495,0.00417,"f1:",0.99747,0.00084,"mcc",0.97779,0.00895,"found:",267,11.79,"notFound",744,12.33
"100","DiceSimilarity","evaluationMode:","top","FPRadius",3,"similarityThreshold:",0.7,"ba:",0.98643,0.00371,"f1:",0.99761,0.00077,"mcc",0.98004,0.00782,"found:",285,12.73,"notFound",727,13.28
"106","DiceSimilarity","evaluationMode:","probability","FPRadius",3,"similarityThreshold:",0.7,"ba:",0.98643,0.00371,"f1:",0.99761,0.00077,"mcc",0.98004,0.00782,"found:",285,12.73,"notFound",727,13.28
"39","TanimotoSimilarity","evaluationMode:","top","FPRadius",3,"similarityThreshold:",0.6,"ba:",0.98893,0.01032,"f1:",0.99813,0.00167,"mcc",0.98324,0.01536,"found:",211,10.16,"notFound",801,10.36
"45","TanimotoSimilarity","evaluationMode:","probability","FPRadius",3,"similarityThreshold:",0.6,"ba:",0.98893,0.01032,"f1:",0.99813,0.00167,"mcc",0.98324,0.01536,"found:",211,10.16,"notFound",801,10.36
"95","DiceSimilarity","evaluationMode:","top","FPRadius",3,"similarityThreshold:",0.75,"ba:",0.98893,0.01032,"f1:",0.99813,0.00167,"mcc",0.98324,0.01536,"found:",211,10.16,"notFound",801,10.36
"101","DiceSimilarity","evaluationMode:","probability","FPRadius",3,"similarityThreshold:",0.75,"ba:",0.98893,0.01032,"f1:",0.99813,0.00167,"mcc",0.98324,0.01536,"found:",211,10.16,"notFound",801,10.36
"30","TanimotoSimilarity","evaluationMode:","top","FPRadius",2,"similarityThreshold:",0.65,"ba:",0.99004,0.0091,"f1:",0.99828,0.00113,"mcc",0.98445,0.01029,"found:",226,9.1,"notFound",786,9.71
"34","TanimotoSimilarity","evaluationMode:","probability","FPRadius",2,"similarityThreshold:",0.65,"ba:",0.99004,0.0091,"f1:",0.99828,0.00113,"mcc",0.98445,0.01029,"found:",226,9.1,"notFound",786,9.71
"87","DiceSimilarity","evaluationMode:","top","FPRadius",2,"similarityThreshold:",0.8,"ba:",0.99105,0.01053,"f1:",0.99867,0.00134,"mcc",0.98762,0.01247,"found:",206,10.67,"notFound",805,11.37
"91","DiceSimilarity","evaluationMode:","probability","FPRadius",2,"similarityThreshold:",0.8,"ba:",0.99105,0.01053,"f1:",0.99867,0.00134,"mcc",0.98762,0.01247,"found:",206,10.67,"notFound",805,11.37
"156","TverskySimilarity","evaluationMode:","top","FPRadius",3,"similarityThreshold:",0.85,"ba:",0.99868,0.00395,"f1:",0.99867,0.004,"mcc",0.98826,0.03523,"found:",78,6.18,"notFound",933,6.12
"159","TverskySimilarity","evaluationMode:","probability","FPRadius",3,"similarityThreshold:",0.85,"ba:",0.99868,0.00395,"f1:",0.99867,0.004,"mcc",0.98826,0.03523,"found:",78,6.18,"notFound",933,6.12
"162","TverskySimilarity","evaluationMode:","top","FPRadius",3,"similarityThreshold:",0.8,"ba:",0.99857,0.00328,"f1:",0.99855,0.00331,"mcc",0.98853,0.02387,"found:",152,8.8,"notFound",859,8.78
"165","TverskySimilarity","evaluationMode:","probability","FPRadius",3,"similarityThreshold:",0.8,"ba:",0.99857,0.00328,"f1:",0.99855,0.00331,"mcc",0.98853,0.02387,"found:",152,8.8,"notFound",859,8.78
"15","TanimotoSimilarity","evaluationMode:","top","FPRadius",1,"similarityThreshold:",0.75,"ba:",0.99206,0.00927,"f1:",0.99852,0.00148,"mcc",0.98882,0.01129,"found:",192,9.57,"notFound",819,10.31
"21","TanimotoSimilarity","evaluationMode:","probability","FPRadius",1,"similarityThreshold:",0.75,"ba:",0.99206,0.00927,"f1:",0.99852,0.00148,"mcc",0.98882,0.01129,"found:",192,9.57,"notFound",819,10.31
"168","TverskySimilarity","evaluationMode:","top","FPRadius",3,"similarityThreshold:",0.75,"ba:",0.99879,0.00223,"f1:",0.99879,0.00224,"mcc",0.99043,0.01614,"found:",227,9.93,"notFound",785,10.06
"146","TverskySimilarity","evaluationMode:","top","FPRadius",1,"similarityThreshold:",0.9,"ba:",0.99868,0.00282,"f1:",0.99867,0.00284,"mcc",0.99089,0.01852,"found:",130,5,"notFound",881,5.61
"150","TverskySimilarity","evaluationMode:","probability","FPRadius",1,"similarityThreshold:",0.9,"ba:",0.99868,0.00282,"f1:",0.99867,0.00284,"mcc",0.99089,0.01852,"found:",130,5,"notFound",881,5.61
"161","TverskySimilarity","evaluationMode:","top","FPRadius",2,"similarityThreshold:",0.8,"ba:",0.99877,0.00226,"f1:",0.99877,0.00228,"mcc",0.99129,0.01509,"found:",225,9.93,"notFound",786,10.11
"172","TverskySimilarity","evaluationMode:","probability","FPRadius",3,"similarityThreshold:",0.75,"ba:",0.99904,0.00221,"f1:",0.99903,0.00223,"mcc",0.99262,0.01581,"found:",227,9.93,"notFound",785,10.06
"164","TverskySimilarity","evaluationMode:","probability","FPRadius",2,"similarityThreshold:",0.8,"ba:",0.99902,0.00224,"f1:",0.99902,0.00226,"mcc",0.99316,0.0149,"found:",225,9.93,"notFound",786,10.11
"155","TverskySimilarity","evaluationMode:","top","FPRadius",2,"similarityThreshold:",0.85,"ba:",0.99917,0.0025,"f1:",0.99916,0.00252,"mcc",0.99455,0.01635,"found:",135,7.22,"notFound",877,7.1
"158","TverskySimilarity","evaluationMode:","probability","FPRadius",2,"similarityThreshold:",0.85,"ba:",0.99917,0.0025,"f1:",0.99916,0.00252,"mcc",0.99455,0.01635,"found:",135,7.22,"notFound",877,7.1
"75","DiceSimilarity","evaluationMode:","top","FPRadius",3,"similarityThreshold:",0.9,"ba:",1,0,"f1:",1,0,"mcc",1,0,"found:",19,2.05,"notFound",993,1.9
"80","DiceSimilarity","evaluationMode:","probability","FPRadius",3,"similarityThreshold:",0.9,"ba:",1,0,"f1:",1,0,"mcc",1,0,"found:",19,2.05,"notFound",993,1.9
"5","TanimotoSimilarity","evaluationMode:","top","FPRadius",2,"similarityThreshold:",0.85,"ba:",1,0,"f1:",1,0,"mcc",1,0,"found:",23,2.48,"notFound",989,2.55
"8","TanimotoSimilarity","evaluationMode:","probability","FPRadius",2,"similarityThreshold:",0.85,"ba:",1,0,"f1:",1,0,"mcc",1,0,"found:",23,2.48,"notFound",989,2.55
"1","TanimotoSimilarity","evaluationMode:","top","FPRadius",1,"similarityThreshold:",0.9,"ba:",1,0,"f1:",1,0,"mcc",1,0,"found:",26,2.65,"notFound",985,2.91
"3","TanimotoSimilarity","evaluationMode:","probability","FPRadius",1,"similarityThreshold:",0.9,"ba:",1,0,"f1:",1,0,"mcc",1,0,"found:",26,2.65,"notFound",985,2.91
"17","TanimotoSimilarity","evaluationMode:","top","FPRadius",3,"similarityThreshold:",0.8,"ba:",1,0,"f1:",1,0,"mcc",1,0,"found:",30,2.06,"notFound",981,2.34
"20","TanimotoSimilarity","evaluationMode:","probability","FPRadius",3,"similarityThreshold:",0.8,"ba:",1,0,"f1:",1,0,"mcc",1,0,"found:",30,2.06,"notFound",981,2.34
"72","DiceSimilarity","evaluationMode:","top","FPRadius",2,"similarityThreshold:",0.9,"ba:",1,0,"f1:",1,0,"mcc",1,0,"found:",46,3.03,"notFound",965,3.29
"77","DiceSimilarity","evaluationMode:","probability","FPRadius",2,"similarityThreshold:",0.9,"ba:",1,0,"f1:",1,0,"mcc",1,0,"found:",46,3.03,"notFound",965,3.29
"148","TverskySimilarity","evaluationMode:","top","FPRadius",2,"similarityThreshold:",0.9,"ba:",1,0,"f1:",1,0,"mcc",1,0,"found:",51,4.5,"notFound",960,5.06
"151","TverskySimilarity","evaluationMode:","probability","FPRadius",2,"similarityThreshold:",0.9,"ba:",1,0,"f1:",1,0,"mcc",1,0,"found:",51,4.5,"notFound",960,5.06
"14","TanimotoSimilarity","evaluationMode:","top","FPRadius",2,"similarityThreshold:",0.8,"ba:",1,0,"f1:",1,0,"mcc",1,0,"found:",58,3.01,"notFound",953,3.39
"19","TanimotoSimilarity","evaluationMode:","probability","FPRadius",2,"similarityThreshold:",0.8,"ba:",1,0,"f1:",1,0,"mcc",1,0,"found:",58,3.01,"notFound",953,3.39
"22","TanimotoSimilarity","evaluationMode:","top","FPRadius",3,"similarityThreshold:",0.75,"ba:",1,0,"f1:",1,0,"mcc",1,0,"found:",61,4.39,"notFound",950,4.39
"24","TanimotoSimilarity","evaluationMode:","probability","FPRadius",3,"similarityThreshold:",0.75,"ba:",1,0,"f1:",1,0,"mcc",1,0,"found:",61,4.39,"notFound",950,4.39
"83","DiceSimilarity","evaluationMode:","top","FPRadius",3,"similarityThreshold:",0.85,"ba:",1,0,"f1:",1,0,"mcc",1,0,"found:",66,4.08,"notFound",945,4.35
"88","DiceSimilarity","evaluationMode:","probability","FPRadius",3,"similarityThreshold:",0.85,"ba:",1,0,"f1:",1,0,"mcc",1,0,"found:",66,4.08,"notFound",945,4.35
"2","TanimotoSimilarity","evaluationMode:","top","FPRadius",1,"similarityThreshold:",0.85,"ba:",1,0,"f1:",1,0,"mcc",1,0,"found:",70,3.35,"notFound",942,4.05
"4","TanimotoSimilarity","evaluationMode:","probability","FPRadius",1,"similarityThreshold:",0.85,"ba:",1,0,"f1:",1,0,"mcc",1,0,"found:",70,3.35,"notFound",942,4.05
"28","TanimotoSimilarity","evaluationMode:","top","FPRadius",3,"similarityThreshold:",0.7,"ba:",1,0,"f1:",1,0,"mcc",1,0,"found:",97,6.31,"notFound",914,6.74
"32","TanimotoSimilarity","evaluationMode:","probability","FPRadius",3,"similarityThreshold:",0.7,"ba:",1,0,"f1:",1,0,"mcc",1,0,"found:",97,6.31,"notFound",914,6.74
"18","TanimotoSimilarity","evaluationMode:","top","FPRadius",2,"similarityThreshold:",0.75,"ba:",1,0,"f1:",1,0,"mcc",1,0,"found:",102,7.51,"notFound",909,7.8
"23","TanimotoSimilarity","evaluationMode:","probability","FPRadius",2,"similarityThreshold:",0.75,"ba:",1,0,"f1:",1,0,"mcc",1,0,"found:",102,7.51,"notFound",909,7.8
"71","DiceSimilarity","evaluationMode:","top","FPRadius",1,"similarityThreshold:",0.9,"ba:",1,0,"f1:",1,0,"mcc",1,0,"found:",102,6.89,"notFound",909,7.05
"76","DiceSimilarity","evaluationMode:","probability","FPRadius",1,"similarityThreshold:",0.9,"ba:",1,0,"f1:",1,0,"mcc",1,0,"found:",102,6.89,"notFound",909,7.05
"81","DiceSimilarity","evaluationMode:","top","FPRadius",2,"similarityThreshold:",0.85,"ba:",1,0,"f1:",1,0,"mcc",1,0,"found:",115,6.83,"notFound",897,7.13
"85","DiceSimilarity","evaluationMode:","probability","FPRadius",2,"similarityThreshold:",0.85,"ba:",1,0,"f1:",1,0,"mcc",1,0,"found:",115,6.83,"notFound",897,7.13
"13","TanimotoSimilarity","evaluationMode:","top","FPRadius",1,"similarityThreshold:",0.8,"ba:",1,0,"f1:",1,0,"mcc",1,0,"found:",127,4.9,"notFound",884,5.27
"16","TanimotoSimilarity","evaluationMode:","probability","FPRadius",1,"similarityThreshold:",0.8,"ba:",1,0,"f1:",1,0,"mcc",1,0,"found:",127,4.9,"notFound",884,5.27
"89","DiceSimilarity","evaluationMode:","top","FPRadius",3,"similarityThreshold:",0.8,"ba:",1,0,"f1:",1,0,"mcc",1,0,"found:",129,8.99,"notFound",882,9.35
"93","DiceSimilarity","evaluationMode:","probability","FPRadius",3,"similarityThreshold:",0.8,"ba:",1,0,"f1:",1,0,"mcc",1,0,"found:",129,8.99,"notFound",882,9.35
"33","TanimotoSimilarity","evaluationMode:","top","FPRadius",3,"similarityThreshold:",0.65,"ba:",1,0,"f1:",1,0,"mcc",1,0,"found:",148,8.52,"notFound",863,8.79
"37","TanimotoSimilarity","evaluationMode:","probability","FPRadius",3,"similarityThreshold:",0.65,"ba:",1,0,"f1:",1,0,"mcc",1,0,"found:",148,8.52,"notFound",863,8.79
"26","TanimotoSimilarity","evaluationMode:","top","FPRadius",2,"similarityThreshold:",0.7,"ba:",1,0,"f1:",1,0,"mcc",1,0,"found:",152,8.53,"notFound",859,8.83
"31","TanimotoSimilarity","evaluationMode:","probability","FPRadius",2,"similarityThreshold:",0.7,"ba:",1,0,"f1:",1,0,"mcc",1,0,"found:",152,8.53,"notFound",859,8.83
