SimilarityMetric	Label1	evaluationMode	Label2	FingerprintRadius	Label3	similarityThreshold	Label4	BA	sdBA	Label5	F1	sdF1	Label6	MCC	sdMCC	Label7	nFound	sdnFound	Label8	nNotFound	sdnNotFound
TanimotoSimilarity	evaluationMode:	top	FPRadius	1	similarityThreshold:	0.90	ba:	0.96368	0.02363	f1:	0.97845	0.01648	mcc	0.91596	0.06009	found:	33	4.18	notFound	1110	3.67
TanimotoSimilarity	evaluationMode:	probability	FPRadius	1	similarityThreshold:	0.90	ba:	0.95844	0.02518	f1:	0.97318	0.01637	mcc	0.90310	0.04967	found:	33	3.52	notFound	1111	3.74
TanimotoSimilarity	evaluationMode:	top	FPRadius	2	similarityThreshold:	0.90	ba:	1.00000	0.00000	f1:	1.00000	0.00000	mcc	1.00000	0.00000	found:	13	2.73	notFound	1129	3.64
TanimotoSimilarity	evaluationMode:	top	FPRadius	3	similarityThreshold:	0.90	ba:	0.95000	0.15000	f1:	1.00000	0.00000	mcc	0.90000	0.30000	found:	9	2.23	notFound	1133	2.07
TanimotoSimilarity	evaluationMode:	probability	FPRadius	2	similarityThreshold:	0.90	ba:	1.00000	0.00000	f1:	1.00000	0.00000	mcc	1.00000	0.00000	found:	13	2.65	notFound	1129	3.47
TanimotoSimilarity	evaluationMode:	top	FPRadius	1	similarityThreshold:	0.85	ba:	0.97211	0.01570	f1:	0.98777	0.00729	mcc	0.95379	0.02421	found:	82	6.24	notFound	1062	7.10
TanimotoSimilarity	evaluationMode:	probability	FPRadius	3	similarityThreshold:	0.90	ba:	1.00000	0.00000	f1:	1.00000	0.00000	mcc	1.00000	0.00000	found:	11	1.56	notFound	1131	2.80
TanimotoSimilarity	evaluationMode:	top	FPRadius	2	similarityThreshold:	0.85	ba:	0.96336	0.02641	f1:	0.97789	0.01690	mcc	0.91953	0.06226	found:	31	3.96	notFound	1112	3.29
TanimotoSimilarity	evaluationMode:	probability	FPRadius	1	similarityThreshold:	0.85	ba:	0.97135	0.01677	f1:	0.98476	0.00840	mcc	0.94667	0.03122	found:	84	7.30	notFound	1058	7.03
TanimotoSimilarity	evaluationMode:	top	FPRadius	3	similarityThreshold:	0.85	ba:	1.00000	0.00000	f1:	1.00000	0.00000	mcc	1.00000	0.00000	found:	15	1.85	notFound	1128	2.89
TanimotoSimilarity	evaluationMode:	probability	FPRadius	2	similarityThreshold:	0.85	ba:	0.98889	0.02222	f1:	0.99208	0.01802	mcc	0.97403	0.05722	found:	28	3.74	notFound	1115	4.94
TanimotoSimilarity	evaluationMode:	probability	FPRadius	3	similarityThreshold:	0.85	ba:	1.00000	0.00000	f1:	1.00000	0.00000	mcc	1.00000	0.00000	found:	16	2.01	notFound	1127	3.01
TanimotoSimilarity	evaluationMode:	top	FPRadius	1	similarityThreshold:	0.80	ba:	0.95461	0.01670	f1:	0.97415	0.01026	mcc	0.90894	0.03382	found:	157	5.75	notFound	986	6.12
TanimotoSimilarity	evaluationMode:	top	FPRadius	2	similarityThreshold:	0.80	ba:	0.97022	0.01901	f1:	0.98765	0.00715	mcc	0.95000	0.02629	found:	69	5.69	notFound	1073	5.85
TanimotoSimilarity	evaluationMode:	top	FPRadius	3	similarityThreshold:	0.80	ba:	1.00000	0.00000	f1:	1.00000	0.00000	mcc	1.00000	0.00000	found:	36	2.14	notFound	1107	2.33
TanimotoSimilarity	evaluationMode:	probability	FPRadius	1	similarityThreshold:	0.80	ba:	0.95142	0.02212	f1:	0.97546	0.00738	mcc	0.91138	0.02907	found:	156	10.30	notFound	987	10.00
TanimotoSimilarity	evaluationMode:	probability	FPRadius	2	similarityThreshold:	0.80	ba:	0.97531	0.01970	f1:	0.98920	0.00813	mcc	0.95856	0.03105	found:	67	4.36	notFound	1076	5.42
TanimotoSimilarity	evaluationMode:	top	FPRadius	1	similarityThreshold:	0.75	ba:	0.95018	0.01659	f1:	0.97238	0.00702	mcc	0.89710	0.02671	found:	245	6.78	notFound	898	7.12
TanimotoSimilarity	evaluationMode:	probability	FPRadius	3	similarityThreshold:	0.80	ba:	1.00000	0.00000	f1:	1.00000	0.00000	mcc	1.00000	0.00000	found:	35	2.23	notFound	1108	3.18
TanimotoSimilarity	evaluationMode:	top	FPRadius	2	similarityThreshold:	0.75	ba:	0.96122	0.01192	f1:	0.97625	0.00794	mcc	0.91817	0.02631	found:	129	5.13	notFound	1014	5.45
TanimotoSimilarity	evaluationMode:	top	FPRadius	3	similarityThreshold:	0.75	ba:	0.94921	0.03346	f1:	0.97428	0.01663	mcc	0.89886	0.06261	found:	74	4.78	notFound	1070	4.55
TanimotoSimilarity	evaluationMode:	probability	FPRadius	1	similarityThreshold:	0.75	ba:	0.94692	0.01774	f1:	0.97019	0.00761	mcc	0.89934	0.02563	found:	242	6.95	notFound	900	6.28
TanimotoSimilarity	evaluationMode:	probability	FPRadius	2	similarityThreshold:	0.75	ba:	0.94890	0.01507	f1:	0.97314	0.00810	mcc	0.90498	0.02775	found:	130	6.48	notFound	1013	6.36
TanimotoSimilarity	evaluationMode:	probability	FPRadius	3	similarityThreshold:	0.75	ba:	0.93635	0.02586	f1:	0.97051	0.00890	mcc	0.88018	0.03298	found:	72	5.40	notFound	1071	5.87
TanimotoSimilarity	evaluationMode:	top	FPRadius	1	similarityThreshold:	0.70	ba:	0.93151	0.01074	f1:	0.96450	0.00550	mcc	0.86983	0.01909	found:	331	9.82	notFound	812	10.42
TanimotoSimilarity	evaluationMode:	top	FPRadius	2	similarityThreshold:	0.70	ba:	0.95712	0.01492	f1:	0.97509	0.00804	mcc	0.91199	0.02826	found:	191	7.49	notFound	952	7.22
TanimotoSimilarity	evaluationMode:	top	FPRadius	3	similarityThreshold:	0.70	ba:	0.95098	0.02095	f1:	0.97358	0.00928	mcc	0.90203	0.03179	found:	124	6.05	notFound	1019	6.78
TanimotoSimilarity	evaluationMode:	probability	FPRadius	1	similarityThreshold:	0.70	ba:	0.92023	0.01457	f1:	0.95950	0.00705	mcc	0.85604	0.02600	found:	334	11.54	notFound	809	12.09
TanimotoSimilarity	evaluationMode:	probability	FPRadius	2	similarityThreshold:	0.70	ba:	0.95391	0.01573	f1:	0.97321	0.00827	mcc	0.91196	0.02671	found:	198	5.19	notFound	944	5.31
TanimotoSimilarity	evaluationMode:	top	FPRadius	1	similarityThreshold:	0.65	ba:	0.92236	0.01319	f1:	0.96160	0.00591	mcc	0.84791	0.02102	found:	428	14.33	notFound	715	15.13
TanimotoSimilarity	evaluationMode:	probability	FPRadius	3	similarityThreshold:	0.70	ba:	0.94900	0.02026	f1:	0.97011	0.00770	mcc	0.89663	0.02418	found:	123	8.78	notFound	1020	8.70
TanimotoSimilarity	evaluationMode:	top	FPRadius	2	similarityThreshold:	0.65	ba:	0.95201	0.01279	f1:	0.97466	0.00572	mcc	0.90456	0.02322	found:	283	9.88	notFound	859	10.01
TanimotoSimilarity	evaluationMode:	top	FPRadius	3	similarityThreshold:	0.65	ba:	0.95881	0.01358	f1:	0.97801	0.00600	mcc	0.91569	0.02474	found:	189	7.41	notFound	954	7.63
TanimotoSimilarity	evaluationMode:	probability	FPRadius	1	similarityThreshold:	0.65	ba:	0.90507	0.01605	f1:	0.95346	0.00619	mcc	0.83101	0.02646	found:	444	7.55	notFound	699	7.57
TanimotoSimilarity	evaluationMode:	probability	FPRadius	2	similarityThreshold:	0.65	ba:	0.94267	0.01952	f1:	0.97278	0.00767	mcc	0.90032	0.02365	found:	282	9.34	notFound	860	9.54
TanimotoSimilarity	evaluationMode:	top	FPRadius	1	similarityThreshold:	0.60	ba:	0.89399	0.01100	f1:	0.94891	0.00566	mcc	0.78875	0.02117	found:	581	15.12	notFound	562	15.62
TanimotoSimilarity	evaluationMode:	probability	FPRadius	3	similarityThreshold:	0.65	ba:	0.94812	0.01369	f1:	0.97105	0.00701	mcc	0.89949	0.02325	found:	187	10.24	notFound	956	10.32
TanimotoSimilarity	evaluationMode:	top	FPRadius	2	similarityThreshold:	0.60	ba:	0.94280	0.01262	f1:	0.96874	0.00665	mcc	0.88161	0.01746	found:	362	11.25	notFound	779	11.15
TanimotoSimilarity	evaluationMode:	top	FPRadius	3	similarityThreshold:	0.60	ba:	0.95962	0.01816	f1:	0.97820	0.00682	mcc	0.91622	0.02531	found:	267	11.50	notFound	875	11.82
TanimotoSimilarity	evaluationMode:	probability	FPRadius	2	similarityThreshold:	0.60	ba:	0.91383	0.01129	f1:	0.95880	0.00819	mcc	0.84851	0.02601	found:	368	12.67	notFound	776	11.89
TanimotoSimilarity	evaluationMode:	probability	FPRadius	1	similarityThreshold:	0.60	ba:	0.85407	0.02191	f1:	0.93382	0.01012	mcc	0.74363	0.03303	found:	595	14.30	notFound	548	14.39
TanimotoSimilarity	evaluationMode:	top	FPRadius	1	similarityThreshold:	0.55	ba:	0.86477	0.01779	f1:	0.93755	0.00528	mcc	0.72793	0.02441	found:	761	7.86	notFound	381	8.08
TanimotoSimilarity	evaluationMode:	probability	FPRadius	3	similarityThreshold:	0.60	ba:	0.94052	0.02026	f1:	0.97072	0.00782	mcc	0.89256	0.02871	found:	258	10.36	notFound	885	10.62
TanimotoSimilarity	evaluationMode:	top	FPRadius	2	similarityThreshold:	0.55	ba:	0.92695	0.01297	f1:	0.96008	0.00598	mcc	0.85068	0.01735	found:	452	18.79	notFound	690	19.69
TanimotoSimilarity	evaluationMode:	top	FPRadius	3	similarityThreshold:	0.55	ba:	0.93278	0.01205	f1:	0.96536	0.00334	mcc	0.86803	0.01032	found:	339	11.82	notFound	803	11.51
TanimotoSimilarity	evaluationMode:	probability	FPRadius	1	similarityThreshold:	0.55	ba:	0.81589	0.01126	f1:	0.91262	0.00696	mcc	0.68452	0.01843	found:	754	8.54	notFound	389	9.19
TanimotoSimilarity	evaluationMode:	probability	FPRadius	2	similarityThreshold:	0.55	ba:	0.91507	0.01164	f1:	0.95922	0.00476	mcc	0.84932	0.01532	found:	438	11.39	notFound	705	12.30
TanimotoSimilarity	evaluationMode:	top	FPRadius	1	similarityThreshold:	0.50	ba:	0.82373	0.00800	f1:	0.91999	0.00386	mcc	0.65607	0.01869	found:	945	9.15	notFound	197	8.96
TanimotoSimilarity	evaluationMode:	probability	FPRadius	3	similarityThreshold:	0.55	ba:	0.92284	0.01400	f1:	0.96256	0.00689	mcc	0.86370	0.02225	found:	340	10.47	notFound	802	10.81
TanimotoSimilarity	evaluationMode:	top	FPRadius	2	similarityThreshold:	0.50	ba:	0.90760	0.00840	f1:	0.95512	0.00502	mcc	0.81888	0.01766	found:	560	16.54	notFound	583	16.99
TanimotoSimilarity	evaluationMode:	top	FPRadius	3	similarityThreshold:	0.50	ba:	0.91812	0.00665	f1:	0.95892	0.00462	mcc	0.84105	0.01503	found:	417	12.30	notFound	725	11.93
TanimotoSimilarity	evaluationMode:	probability	FPRadius	2	similarityThreshold:	0.50	ba:	0.87970	0.01687	f1:	0.94211	0.00716	mcc	0.78550	0.02312	found:	550	8.09	notFound	593	8.94
TanimotoSimilarity	evaluationMode:	probability	FPRadius	1	similarityThreshold:	0.50	ba:	0.75263	0.01117	f1:	0.86916	0.00843	mcc	0.56955	0.02214	found:	953	7.69	notFound	190	7.40
TanimotoSimilarity	evaluationMode:	probability	FPRadius	3	similarityThreshold:	0.50	ba:	0.90515	0.01784	f1:	0.95309	0.00788	mcc	0.83009	0.03141	found:	421	14.15	notFound	722	14.64
TanimotoSimilarity	evaluationMode:	top	FPRadius	1	similarityThreshold:	0.45	ba:	0.81110	0.00718	f1:	0.91309	0.00289	mcc	0.62020	0.01042	found:	1053	6.63	notFound	90	6.48
TanimotoSimilarity	evaluationMode:	top	FPRadius	2	similarityThreshold:	0.45	ba:	0.89382	0.00906	f1:	0.94938	0.00411	mcc	0.79167	0.01309	found:	671	17.58	notFound	472	17.04
TanimotoSimilarity	evaluationMode:	top	FPRadius	3	similarityThreshold:	0.45	ba:	0.90986	0.01122	f1:	0.95502	0.00638	mcc	0.82823	0.01945	found:	513	11.93	notFound	630	12.67
TanimotoSimilarity	evaluationMode:	probability	FPRadius	2	similarityThreshold:	0.45	ba:	0.85579	0.00926	f1:	0.93293	0.00483	mcc	0.75333	0.01808	found:	672	16.32	notFound	470	15.81
TanimotoSimilarity	evaluationMode:	probability	FPRadius	3	similarityThreshold:	0.45	ba:	0.88376	0.01307	f1:	0.94337	0.00693	mcc	0.79105	0.01926	found:	510	13.90	notFound	633	14.05
TanimotoSimilarity	evaluationMode:	probability	FPRadius	1	similarityThreshold:	0.45	ba:	0.70605	0.00890	f1:	0.83128	0.00724	mcc	0.47285	0.01864	found:	1059	5.48	notFound	85	5.95
TanimotoSimilarity	evaluationMode:	top	FPRadius	2	similarityThreshold:	0.40	ba:	0.85973	0.01756	f1:	0.93587	0.00704	mcc	0.73234	0.02263	found:	825	11.02	notFound	317	11.89
TanimotoSimilarity	evaluationMode:	top	FPRadius	3	similarityThreshold:	0.40	ba:	0.90734	0.01214	f1:	0.95375	0.00471	mcc	0.80799	0.02088	found:	614	19.26	notFound	529	18.74
TanimotoSimilarity	evaluationMode:	top	FPRadius	1	similarityThreshold:	0.40	ba:	0.79558	0.01218	f1:	0.90782	0.00557	mcc	0.58762	0.02177	found:	1113	6.14	notFound	29	5.62
TanimotoSimilarity	evaluationMode:	probability	FPRadius	3	similarityThreshold:	0.40	ba:	0.86900	0.00926	f1:	0.93892	0.00537	mcc	0.77357	0.01435	found:	613	7.84	notFound	529	8.13
TanimotoSimilarity	evaluationMode:	probability	FPRadius	2	similarityThreshold:	0.40	ba:	0.80392	0.01023	f1:	0.90740	0.00583	mcc	0.66189	0.01435	found:	829	12.78	notFound	315	12.37
TanimotoSimilarity	evaluationMode:	top	FPRadius	3	similarityThreshold:	0.35	ba:	0.87932	0.00751	f1:	0.94461	0.00363	mcc	0.76488	0.01652	found:	748	18.61	notFound	393	17.23
TanimotoSimilarity	evaluationMode:	top	FPRadius	2	similarityThreshold:	0.35	ba:	0.82883	0.00948	f1:	0.92240	0.00451	mcc	0.66265	0.01664	found:	983	11.86	notFound	160	11.48
TanimotoSimilarity	evaluationMode:	probability	FPRadius	1	similarityThreshold:	0.40	ba:	0.66636	0.00938	f1:	0.79577	0.01208	mcc	0.38874	0.02095	found:	1113	7.06	notFound	29	6.50
TanimotoSimilarity	evaluationMode:	probability	FPRadius	2	similarityThreshold:	0.35	ba:	0.74076	0.00601	f1:	0.86437	0.00409	mcc	0.54214	0.01018	found:	985	10.65	notFound	157	11.60
TanimotoSimilarity	evaluationMode:	probability	FPRadius	3	similarityThreshold:	0.35	ba:	0.83859	0.00869	f1:	0.92689	0.00370	mcc	0.72060	0.01778	found:	744	9.99	notFound	399	9.26
TanimotoSimilarity	evaluationMode:	top	FPRadius	2	similarityThreshold:	0.30	ba:	0.80740	0.01113	f1:	0.91273	0.00515	mcc	0.61541	0.02106	found:	1092	5.57	notFound	51	5.73
TanimotoSimilarity	evaluationMode:	top	FPRadius	3	similarityThreshold:	0.30	ba:	0.84771	0.01099	f1:	0.93118	0.00440	mcc	0.70579	0.02064	found:	901	10.27	notFound	241	10.78
TanimotoSimilarity	evaluationMode:	top	FPRadius	1	similarityThreshold:	0.35	ba:	0.79432	0.01837	f1:	0.90697	0.00807	mcc	0.58691	0.03563	found:	1131	3.96	notFound	11	2.89
TanimotoSimilarity	evaluationMode:	probability	FPRadius	1	similarityThreshold:	0.35	ba:	0.64009	0.00754	f1:	0.77458	0.02475	mcc	0.32630	0.01975	found:	1133	2.69	notFound	10	2.79
TanimotoSimilarity	evaluationMode:	probability	FPRadius	2	similarityThreshold:	0.30	ba:	0.70115	0.00926	f1:	0.82555	0.00928	mcc	0.46525	0.01965	found:	1093	6.37	notFound	50	6.52
DiceSimilarity	evaluationMode:	top	FPRadius	1	similarityThreshold:	0.90	ba:	0.96668	0.01697	f1:	0.98192	0.01040	mcc	0.93956	0.03208	found:	132	9.40	notFound	1011	8.84
TanimotoSimilarity	evaluationMode:	probability	FPRadius	3	similarityThreshold:	0.30	ba:	0.77252	0.01303	f1:	0.88703	0.01058	mcc	0.60499	0.02208	found:	900	17.95	notFound	242	17.83
DiceSimilarity	evaluationMode:	top	FPRadius	2	similarityThreshold:	0.90	ba:	0.99282	0.01440	f1:	0.99740	0.00520	mcc	0.99020	0.01965	found:	51	4.41	notFound	1091	5.00
DiceSimilarity	evaluationMode:	top	FPRadius	3	similarityThreshold:	0.90	ba:	1.00000	0.00000	f1:	1.00000	0.00000	mcc	1.00000	0.00000	found:	26	2.93	notFound	1117	2.36
DiceSimilarity	evaluationMode:	probability	FPRadius	1	similarityThreshold:	0.90	ba:	0.96333	0.01111	f1:	0.98010	0.00448	mcc	0.93425	0.01654	found:	132	6.67	notFound	1010	5.22
DiceSimilarity	evaluationMode:	probability	FPRadius	2	similarityThreshold:	0.90	ba:	0.98527	0.01882	f1:	0.99530	0.00578	mcc	0.98048	0.02451	found:	53	4.22	notFound	1090	4.67
DiceSimilarity	evaluationMode:	probability	FPRadius	3	similarityThreshold:	0.90	ba:	1.00000	0.00000	f1:	1.00000	0.00000	mcc	1.00000	0.00000	found:	26	3.06	notFound	1116	3.82
DiceSimilarity	evaluationMode:	top	FPRadius	1	similarityThreshold:	0.85	ba:	0.95035	0.01525	f1:	0.97395	0.00753	mcc	0.90563	0.02605	found:	260	9.75	notFound	883	10.56
DiceSimilarity	evaluationMode:	top	FPRadius	2	similarityThreshold:	0.85	ba:	0.96043	0.02230	f1:	0.97807	0.01126	mcc	0.92284	0.03742	found:	138	3.49	notFound	1004	4.26
DiceSimilarity	evaluationMode:	top	FPRadius	3	similarityThreshold:	0.85	ba:	0.94994	0.02445	f1:	0.96983	0.00970	mcc	0.88960	0.03851	found:	82	5.90	notFound	1061	6.59
DiceSimilarity	evaluationMode:	probability	FPRadius	1	similarityThreshold:	0.85	ba:	0.94635	0.00953	f1:	0.97230	0.00502	mcc	0.90023	0.01520	found:	255	13.06	notFound	887	14.26
DiceSimilarity	evaluationMode:	probability	FPRadius	2	similarityThreshold:	0.85	ba:	0.94570	0.01881	f1:	0.97285	0.00783	mcc	0.89893	0.02903	found:	145	9.90	notFound	998	9.43
DiceSimilarity	evaluationMode:	probability	FPRadius	3	similarityThreshold:	0.85	ba:	0.93524	0.01904	f1:	0.96544	0.00788	mcc	0.87909	0.02616	found:	82	3.58	notFound	1061	4.39
DiceSimilarity	evaluationMode:	top	FPRadius	1	similarityThreshold:	0.80	ba:	0.92580	0.00745	f1:	0.96184	0.00410	mcc	0.85622	0.01450	found:	406	11.24	notFound	737	11.40
DiceSimilarity	evaluationMode:	top	FPRadius	2	similarityThreshold:	0.80	ba:	0.95609	0.01137	f1:	0.97679	0.00397	mcc	0.91024	0.01695	found:	259	6.80	notFound	884	6.78
DiceSimilarity	evaluationMode:	top	FPRadius	3	similarityThreshold:	0.80	ba:	0.96832	0.01056	f1:	0.98039	0.00369	mcc	0.93033	0.01170	found:	173	7.90	notFound	969	8.15
DiceSimilarity	evaluationMode:	probability	FPRadius	1	similarityThreshold:	0.80	ba:	0.91282	0.01192	f1:	0.95627	0.00504	mcc	0.84368	0.01645	found:	407	8.00	notFound	735	8.40
DiceSimilarity	evaluationMode:	probability	FPRadius	2	similarityThreshold:	0.80	ba:	0.93921	0.02259	f1:	0.96910	0.00985	mcc	0.88936	0.03355	found:	261	11.47	notFound	881	11.34
DiceSimilarity	evaluationMode:	probability	FPRadius	3	similarityThreshold:	0.80	ba:	0.93879	0.01208	f1:	0.96738	0.00566	mcc	0.88682	0.01954	found:	168	7.58	notFound	975	7.42
DiceSimilarity	evaluationMode:	top	FPRadius	1	similarityThreshold:	0.75	ba:	0.89912	0.01623	f1:	0.95074	0.00586	mcc	0.79171	0.02556	found:	600	12.90	notFound	543	12.27
DiceSimilarity	evaluationMode:	top	FPRadius	2	similarityThreshold:	0.75	ba:	0.94073	0.01181	f1:	0.96675	0.00713	mcc	0.87417	0.02496	found:	362	6.75	notFound	781	6.86
DiceSimilarity	evaluationMode:	top	FPRadius	3	similarityThreshold:	0.75	ba:	0.95068	0.01231	f1:	0.97478	0.00638	mcc	0.90680	0.02414	found:	269	10.03	notFound	873	10.95
DiceSimilarity	evaluationMode:	probability	FPRadius	1	similarityThreshold:	0.75	ba:	0.86098	0.01414	f1:	0.93516	0.00581	mcc	0.75602	0.02147	found:	597	17.45	notFound	546	17.13
DiceSimilarity	evaluationMode:	probability	FPRadius	2	similarityThreshold:	0.75	ba:	0.92554	0.01907	f1:	0.96425	0.00792	mcc	0.86461	0.02961	found:	354	9.19	notFound	789	10.68
DiceSimilarity	evaluationMode:	probability	FPRadius	3	similarityThreshold:	0.75	ba:	0.92750	0.01760	f1:	0.96722	0.00637	mcc	0.88038	0.02725	found:	263	12.88	notFound	880	13.66
DiceSimilarity	evaluationMode:	top	FPRadius	1	similarityThreshold:	0.70	ba:	0.84421	0.01413	f1:	0.92979	0.00616	mcc	0.70023	0.02456	found:	793	10.77	notFound	350	11.23
TanimotoSimilarity	evaluationMode:	top	FPRadius	1	similarityThreshold:	0.30	ba:	0.78827	0.01104	f1:	0.90442	0.00502	mcc	0.57672	0.01751	found:	1139	2.33	notFound	4	1.20
DiceSimilarity	evaluationMode:	top	FPRadius	2	similarityThreshold:	0.70	ba:	0.91783	0.01316	f1:	0.95872	0.00399	mcc	0.84248	0.01360	found:	470	12.56	notFound	673	12.36
DiceSimilarity	evaluationMode:	top	FPRadius	3	similarityThreshold:	0.70	ba:	0.94589	0.01174	f1:	0.97124	0.00585	mcc	0.88848	0.02215	found:	356	16.76	notFound	787	17.36
DiceSimilarity	evaluationMode:	probability	FPRadius	1	similarityThreshold:	0.70	ba:	0.80134	0.01323	f1:	0.90476	0.01049	mcc	0.65012	0.02473	found:	800	16.11	notFound	342	15.19
DiceSimilarity	evaluationMode:	probability	FPRadius	2	similarityThreshold:	0.70	ba:	0.91384	0.01575	f1:	0.95766	0.00776	mcc	0.84386	0.02359	found:	472	14.10	notFound	671	13.36
DiceSimilarity	evaluationMode:	probability	FPRadius	3	similarityThreshold:	0.70	ba:	0.91626	0.01483	f1:	0.95968	0.00750	mcc	0.85139	0.02465	found:	363	14.02	notFound	779	14.16
DiceSimilarity	evaluationMode:	top	FPRadius	1	similarityThreshold:	0.65	ba:	0.83106	0.01159	f1:	0.92159	0.00422	mcc	0.65466	0.01453	found:	990	12.32	notFound	153	11.46
DiceSimilarity	evaluationMode:	top	FPRadius	2	similarityThreshold:	0.65	ba:	0.90036	0.01221	f1:	0.95437	0.00442	mcc	0.81017	0.01790	found:	598	16.89	notFound	545	17.68
DiceSimilarity	evaluationMode:	top	FPRadius	3	similarityThreshold:	0.65	ba:	0.93358	0.01022	f1:	0.96392	0.00491	mcc	0.85772	0.02241	found:	454	11.26	notFound	689	10.82
DiceSimilarity	evaluationMode:	probability	FPRadius	2	similarityThreshold:	0.65	ba:	0.86934	0.01756	f1:	0.93805	0.00953	mcc	0.76705	0.03176	found:	599	18.24	notFound	544	18.46
DiceSimilarity	evaluationMode:	probability	FPRadius	1	similarityThreshold:	0.65	ba:	0.74854	0.01307	f1:	0.86853	0.01037	mcc	0.55686	0.02513	found:	989	8.61	notFound	153	8.38
TanimotoSimilarity	evaluationMode:	probability	FPRadius	1	similarityThreshold:	0.30	ba:	0.60769	0.00731	f1:	0.75252	0.03000	mcc	0.25014	0.01645	found:	1137	1.90	notFound	4	2.02
DiceSimilarity	evaluationMode:	probability	FPRadius	3	similarityThreshold:	0.65	ba:	0.90337	0.01556	f1:	0.95123	0.00754	mcc	0.82578	0.02451	found:	444	11.55	notFound	698	11.76
DiceSimilarity	evaluationMode:	top	FPRadius	2	similarityThreshold:	0.60	ba:	0.88358	0.01084	f1:	0.94472	0.00349	mcc	0.76438	0.01388	found:	740	10.06	notFound	403	10.58
DiceSimilarity	evaluationMode:	top	FPRadius	3	similarityThreshold:	0.60	ba:	0.91985	0.00745	f1:	0.95813	0.00277	mcc	0.83480	0.01382	found:	554	12.17	notFound	588	12.37
DiceSimilarity	evaluationMode:	top	FPRadius	1	similarityThreshold:	0.60	ba:	0.80249	0.01316	f1:	0.91102	0.00625	mcc	0.60510	0.02976	found:	1088	9.47	notFound	55	8.83
DiceSimilarity	evaluationMode:	probability	FPRadius	2	similarityThreshold:	0.60	ba:	0.84024	0.01502	f1:	0.92571	0.00903	mcc	0.72113	0.02843	found:	747	13.79	notFound	394	14.58
DiceSimilarity	evaluationMode:	probability	FPRadius	3	similarityThreshold:	0.60	ba:	0.88411	0.01696	f1:	0.94309	0.00571	mcc	0.79588	0.02477	found:	544	19.71	notFound	599	19.58
DiceSimilarity	evaluationMode:	probability	FPRadius	1	similarityThreshold:	0.60	ba:	0.68471	0.01385	f1:	0.81310	0.01237	mcc	0.42895	0.02983	found:	1088	5.53	notFound	55	5.27
DiceSimilarity	evaluationMode:	top	FPRadius	2	similarityThreshold:	0.55	ba:	0.85346	0.01250	f1:	0.93330	0.00511	mcc	0.71119	0.02039	found:	886	13.21	notFound	256	14.35
DiceSimilarity	evaluationMode:	top	FPRadius	3	similarityThreshold:	0.55	ba:	0.88272	0.01459	f1:	0.94458	0.00744	mcc	0.76867	0.02418	found:	661	17.58	notFound	481	17.64
DiceSimilarity	evaluationMode:	probability	FPRadius	3	similarityThreshold:	0.55	ba:	0.85612	0.01058	f1:	0.93384	0.00569	mcc	0.75296	0.01172	found:	650	11.95	notFound	492	11.60
DiceSimilarity	evaluationMode:	probability	FPRadius	2	similarityThreshold:	0.55	ba:	0.77759	0.01208	f1:	0.89320	0.00829	mcc	0.61703	0.02509	found:	896	11.78	notFound	247	12.18
DiceSimilarity	evaluationMode:	top	FPRadius	2	similarityThreshold:	0.50	ba:	0.83164	0.01252	f1:	0.92348	0.00526	mcc	0.66054	0.02401	found:	1032	6.99	notFound	110	7.31
DiceSimilarity	evaluationMode:	top	FPRadius	1	similarityThreshold:	0.55	ba:	0.78641	0.01105	f1:	0.90393	0.00519	mcc	0.56968	0.02089	found:	1124	2.97	notFound	18	2.46
DiceSimilarity	evaluationMode:	top	FPRadius	3	similarityThreshold:	0.50	ba:	0.86707	0.01348	f1:	0.93954	0.00614	mcc	0.74443	0.02561	found:	793	10.20	notFound	350	10.33
DiceSimilarity	evaluationMode:	probability	FPRadius	1	similarityThreshold:	0.55	ba:	0.65599	0.00975	f1:	0.79273	0.01694	mcc	0.36193	0.01903	found:	1122	3.13	notFound	20	3.38
DiceSimilarity	evaluationMode:	probability	FPRadius	2	similarityThreshold:	0.50	ba:	0.73090	0.00946	f1:	0.85539	0.00763	mcc	0.52103	0.01918	found:	1026	7.96	notFound	117	8.11
DiceSimilarity	evaluationMode:	probability	FPRadius	3	similarityThreshold:	0.50	ba:	0.81256	0.00946	f1:	0.91180	0.00521	mcc	0.67562	0.01957	found:	798	13.58	notFound	344	13.14
DiceSimilarity	evaluationMode:	top	FPRadius	2	similarityThreshold:	0.45	ba:	0.80596	0.00784	f1:	0.91249	0.00347	mcc	0.60714	0.01820	found:	1103	7.24	notFound	40	7.97
DiceSimilarity	evaluationMode:	top	FPRadius	3	similarityThreshold:	0.45	ba:	0.84251	0.01313	f1:	0.92734	0.00513	mcc	0.68873	0.02198	found:	932	11.79	notFound	210	13.06
DiceSimilarity	evaluationMode:	top	FPRadius	1	similarityThreshold:	0.50	ba:	0.79552	0.01145	f1:	0.90773	0.00533	mcc	0.58806	0.02549	found:	1136	2.30	notFound	7	1.55
DiceSimilarity	evaluationMode:	probability	FPRadius	1	similarityThreshold:	0.50	ba:	0.63435	0.01028	f1:	0.77219	0.02026	mcc	0.31335	0.02105	found:	1135	2.52	notFound	8	1.62
DiceSimilarity	evaluationMode:	probability	FPRadius	2	similarityThreshold:	0.45	ba:	0.68506	0.01722	f1:	0.80849	0.01648	mcc	0.43146	0.03836	found:	1101	4.92	notFound	41	4.81
DiceSimilarity	evaluationMode:	probability	FPRadius	3	similarityThreshold:	0.45	ba:	0.76428	0.01299	f1:	0.88158	0.01208	mcc	0.59146	0.02480	found:	932	10.32	notFound	210	10.55
DiceSimilarity	evaluationMode:	top	FPRadius	2	similarityThreshold:	0.40	ba:	0.80259	0.01145	f1:	0.91079	0.00500	mcc	0.60272	0.02217	found:	1130	4.32	notFound	12	3.81
DiceSimilarity	evaluationMode:	top	FPRadius	3	similarityThreshold:	0.40	ba:	0.82276	0.01369	f1:	0.92018	0.00510	mcc	0.64934	0.02334	found:	1061	7.28	notFound	82	7.03
DiceSimilarity	evaluationMode:	top	FPRadius	1	similarityThreshold:	0.45	ba:	0.78877	0.01425	f1:	0.90460	0.00624	mcc	0.57789	0.02359	found:	1138	1.40	notFound	4	1.56
DiceSimilarity	evaluationMode:	probability	FPRadius	1	similarityThreshold:	0.45	ba:	0.60192	0.00872	f1:	0.74746	0.02710	mcc	0.23747	0.01818	found:	1137	2.70	notFound	6	2.40
DiceSimilarity	evaluationMode:	probability	FPRadius	2	similarityThreshold:	0.40	ba:	0.64804	0.01103	f1:	0.77245	0.01459	mcc	0.34876	0.02499	found:	1128	4.57	notFound	15	4.36
DiceSimilarity	evaluationMode:	probability	FPRadius	3	similarityThreshold:	0.40	ba:	0.71140	0.00736	f1:	0.83323	0.00659	mcc	0.48918	0.01699	found:	1060	4.22	notFound	82	5.02
DiceSimilarity	evaluationMode:	top	FPRadius	2	similarityThreshold:	0.35	ba:	0.80098	0.00989	f1:	0.91014	0.00433	mcc	0.60376	0.01586	found:	1138	2.44	notFound	5	1.00
DiceSimilarity	evaluationMode:	top	FPRadius	3	similarityThreshold:	0.35	ba:	0.80789	0.01544	f1:	0.91356	0.00669	mcc	0.62045	0.02942	found:	1120	3.50	notFound	23	3.29
DiceSimilarity	evaluationMode:	top	FPRadius	1	similarityThreshold:	0.40	ba:	0.79038	0.01338	f1:	0.90552	0.00599	mcc	0.57825	0.02422	found:	1140	2.17	notFound	2	1.50
DiceSimilarity	evaluationMode:	probability	FPRadius	1	similarityThreshold:	0.40	ba:	0.58929	0.01099	f1:	0.71469	0.03259	mcc	0.21117	0.02410	found:	1141	1.90	notFound	2	1.28
DiceSimilarity	evaluationMode:	probability	FPRadius	3	similarityThreshold:	0.35	ba:	0.66513	0.01001	f1:	0.78792	0.01521	mcc	0.38799	0.02129	found:	1118	5.08	notFound	24	4.09
DiceSimilarity	evaluationMode:	probability	FPRadius	2	similarityThreshold:	0.35	ba:	0.62233	0.01573	f1:	0.73847	0.03749	mcc	0.28883	0.03693	found:	1137	2.69	notFound	5	2.24
DiceSimilarity	evaluationMode:	top	FPRadius	1	similarityThreshold:	0.35	ba:	0.79492	0.01659	f1:	0.90751	0.00749	mcc	0.58776	0.02740	found:	1142	2.32	notFound	1	1.36
DiceSimilarity	evaluationMode:	top	FPRadius	3	similarityThreshold:	0.30	ba:	0.80029	0.01074	f1:	0.90995	0.00505	mcc	0.60840	0.01915	found:	1136	2.77	notFound	7	2.32
DiceSimilarity	evaluationMode:	top	FPRadius	2	similarityThreshold:	0.30	ba:	0.79652	0.00927	f1:	0.90837	0.00412	mcc	0.59590	0.01923	found:	1139	1.85	notFound	3	0.70
DiceSimilarity	evaluationMode:	probability	FPRadius	1	similarityThreshold:	0.35	ba:	0.55951	0.01190	f1:	0.60439	0.06492	mcc	0.14000	0.02903	found:	1141	2.20	notFound	1	1.22
DiceSimilarity	evaluationMode:	probability	FPRadius	3	similarityThreshold:	0.30	ba:	0.63002	0.00790	f1:	0.73823	0.01940	mcc	0.30934	0.01786	found:	1136	1.74	notFound	6	1.14
TverskySimilarity	evaluationMode:	top	FPRadius	1	similarityThreshold:	0.90	ba:	0.93019	0.02278	f1:	0.95781	0.01299	mcc	0.85794	0.04457	found:	167	9.90	notFound	975	10.59
TverskySimilarity	evaluationMode:	top	FPRadius	2	similarityThreshold:	0.90	ba:	0.93855	0.02755	f1:	0.96398	0.01678	mcc	0.88098	0.05072	found:	66	6.69	notFound	1077	6.97
TverskySimilarity	evaluationMode:	top	FPRadius	3	similarityThreshold:	0.90	ba:	0.98975	0.01042	f1:	0.98954	0.01065	mcc	0.96587	0.03440	found:	34	4.82	notFound	1109	5.97
TverskySimilarity	evaluationMode:	probability	FPRadius	1	similarityThreshold:	0.90	ba:	0.92736	0.02328	f1:	0.95599	0.01119	mcc	0.84908	0.03673	found:	167	5.59	notFound	975	6.26
TverskySimilarity	evaluationMode:	probability	FPRadius	2	similarityThreshold:	0.90	ba:	0.96611	0.02813	f1:	0.97554	0.01661	mcc	0.92175	0.04641	found:	65	5.68	notFound	1077	6.10
TverskySimilarity	evaluationMode:	probability	FPRadius	3	similarityThreshold:	0.90	ba:	0.99181	0.01006	f1:	0.99164	0.01027	mcc	0.97480	0.03106	found:	32	4.13	notFound	1111	4.03
TverskySimilarity	evaluationMode:	top	FPRadius	1	similarityThreshold:	0.85	ba:	0.91114	0.01955	f1:	0.95303	0.00696	mcc	0.81694	0.02278	found:	319	16.94	notFound	824	16.32
TverskySimilarity	evaluationMode:	top	FPRadius	2	similarityThreshold:	0.85	ba:	0.94329	0.01951	f1:	0.97040	0.01086	mcc	0.89793	0.03710	found:	169	5.34	notFound	974	5.37
TverskySimilarity	evaluationMode:	top	FPRadius	3	similarityThreshold:	0.85	ba:	0.94876	0.03138	f1:	0.97231	0.01045	mcc	0.89450	0.04017	found:	101	7.84	notFound	1041	8.28
TverskySimilarity	evaluationMode:	probability	FPRadius	1	similarityThreshold:	0.85	ba:	0.92231	0.01597	f1:	0.96084	0.00871	mcc	0.85517	0.03116	found:	317	14.01	notFound	826	15.27
TverskySimilarity	evaluationMode:	probability	FPRadius	2	similarityThreshold:	0.85	ba:	0.94606	0.01695	f1:	0.97173	0.00640	mcc	0.89937	0.02886	found:	171	11.22	notFound	973	11.20
TverskySimilarity	evaluationMode:	probability	FPRadius	3	similarityThreshold:	0.85	ba:	0.96664	0.01665	f1:	0.97780	0.00882	mcc	0.92514	0.02717	found:	99	7.36	notFound	1044	7.64
TverskySimilarity	evaluationMode:	top	FPRadius	1	similarityThreshold:	0.80	ba:	0.87505	0.01454	f1:	0.93606	0.00746	mcc	0.74384	0.02478	found:	495	14.52	notFound	647	15.64
TverskySimilarity	evaluationMode:	top	FPRadius	2	similarityThreshold:	0.80	ba:	0.92792	0.01657	f1:	0.96228	0.00783	mcc	0.85271	0.02710	found:	281	9.24	notFound	864	9.04
TverskySimilarity	evaluationMode:	top	FPRadius	3	similarityThreshold:	0.80	ba:	0.93878	0.01411	f1:	0.96844	0.00647	mcc	0.88821	0.02018	found:	197	7.53	notFound	946	7.27
DiceSimilarity	evaluationMode:	top	FPRadius	1	similarityThreshold:	0.30	ba:	0.78845	0.01422	f1:	0.90462	0.00647	mcc	0.57417	0.02805	found:	1141	1.36	notFound	1	0.63
TverskySimilarity	evaluationMode:	probability	FPRadius	1	similarityThreshold:	0.80	ba:	0.85526	0.01429	f1:	0.93034	0.00785	mcc	0.73673	0.02440	found:	505	14.20	notFound	637	14.45
TverskySimilarity	evaluationMode:	probability	FPRadius	2	similarityThreshold:	0.80	ba:	0.91336	0.01557	f1:	0.95589	0.00515	mcc	0.83912	0.02230	found:	279	9.33	notFound	864	9.61
TverskySimilarity	evaluationMode:	probability	FPRadius	3	similarityThreshold:	0.80	ba:	0.93009	0.01594	f1:	0.96487	0.00701	mcc	0.87706	0.02185	found:	190	5.91	notFound	952	5.97
TverskySimilarity	evaluationMode:	top	FPRadius	1	similarityThreshold:	0.75	ba:	0.82522	0.01589	f1:	0.91942	0.00831	mcc	0.65320	0.03316	found:	751	14.47	notFound	391	15.57
TverskySimilarity	evaluationMode:	top	FPRadius	2	similarityThreshold:	0.75	ba:	0.91376	0.01655	f1:	0.95588	0.00568	mcc	0.82904	0.01946	found:	387	21.37	notFound	755	20.69
TverskySimilarity	evaluationMode:	top	FPRadius	3	similarityThreshold:	0.75	ba:	0.92990	0.01869	f1:	0.96249	0.00915	mcc	0.85264	0.02970	found:	280	8.12	notFound	861	7.52
DiceSimilarity	evaluationMode:	probability	FPRadius	2	similarityThreshold:	0.30	ba:	0.58981	0.00765	f1:	0.69813	0.02876	mcc	0.21394	0.01834	found:	1139	2.15	notFound	3	1.30
TverskySimilarity	evaluationMode:	probability	FPRadius	1	similarityThreshold:	0.75	ba:	0.73713	0.01558	f1:	0.86379	0.01119	mcc	0.52516	0.02907	found:	754	11.16	notFound	389	11.16
TverskySimilarity	evaluationMode:	probability	FPRadius	2	similarityThreshold:	0.75	ba:	0.90139	0.01116	f1:	0.95164	0.00714	mcc	0.81866	0.02550	found:	392	13.55	notFound	750	12.75
TverskySimilarity	evaluationMode:	probability	FPRadius	3	similarityThreshold:	0.75	ba:	0.92646	0.01107	f1:	0.96017	0.00560	mcc	0.84967	0.02144	found:	292	9.62	notFound	851	10.76
TverskySimilarity	evaluationMode:	top	FPRadius	1	similarityThreshold:	0.70	ba:	0.78412	0.01711	f1:	0.90291	0.00801	mcc	0.57933	0.02972	found:	954	22.78	notFound	188	21.40
TverskySimilarity	evaluationMode:	top	FPRadius	2	similarityThreshold:	0.70	ba:	0.90524	0.01826	f1:	0.94878	0.00911	mcc	0.80123	0.03030	found:	507	11.91	notFound	636	12.78
TverskySimilarity	evaluationMode:	top	FPRadius	3	similarityThreshold:	0.70	ba:	0.91997	0.01355	f1:	0.95654	0.00792	mcc	0.83524	0.02360	found:	379	16.98	notFound	764	17.84
TverskySimilarity	evaluationMode:	probability	FPRadius	2	similarityThreshold:	0.70	ba:	0.87629	0.01512	f1:	0.93820	0.00589	mcc	0.77973	0.02260	found:	526	18.14	notFound	617	18.83
TverskySimilarity	evaluationMode:	probability	FPRadius	1	similarityThreshold:	0.70	ba:	0.69192	0.01268	f1:	0.82360	0.01447	mcc	0.44377	0.02550	found:	956	7.77	notFound	186	7.17
TverskySimilarity	evaluationMode:	probability	FPRadius	3	similarityThreshold:	0.70	ba:	0.91213	0.01344	f1:	0.95596	0.00547	mcc	0.84159	0.02013	found:	378	9.57	notFound	765	10.44
TverskySimilarity	evaluationMode:	top	FPRadius	2	similarityThreshold:	0.65	ba:	0.86187	0.01391	f1:	0.93478	0.00643	mcc	0.73672	0.02249	found:	659	20.70	notFound	484	20.68
TverskySimilarity	evaluationMode:	top	FPRadius	3	similarityThreshold:	0.65	ba:	0.90267	0.01632	f1:	0.94840	0.00887	mcc	0.79989	0.03311	found:	487	13.64	notFound	656	13.21
TverskySimilarity	evaluationMode:	top	FPRadius	1	similarityThreshold:	0.65	ba:	0.75135	0.01196	f1:	0.88714	0.00647	mcc	0.50830	0.01637	found:	1073	6.21	notFound	70	6.34
TverskySimilarity	evaluationMode:	probability	FPRadius	2	similarityThreshold:	0.65	ba:	0.82341	0.01148	f1:	0.91631	0.00572	mcc	0.69166	0.01952	found:	665	15.53	notFound	478	14.81
TverskySimilarity	evaluationMode:	probability	FPRadius	3	similarityThreshold:	0.65	ba:	0.88357	0.01418	f1:	0.94077	0.00685	mcc	0.78490	0.02174	found:	475	9.55	notFound	668	10.04
TverskySimilarity	evaluationMode:	probability	FPRadius	1	similarityThreshold:	0.65	ba:	0.66288	0.01472	f1:	0.78582	0.01887	mcc	0.38117	0.03226	found:	1075	9.20	notFound	68	9.42
TverskySimilarity	evaluationMode:	top	FPRadius	2	similarityThreshold:	0.60	ba:	0.82545	0.01634	f1:	0.92142	0.00744	mcc	0.66860	0.02435	found:	824	18.85	notFound	317	18.68
TverskySimilarity	evaluationMode:	top	FPRadius	3	similarityThreshold:	0.60	ba:	0.88789	0.01425	f1:	0.94527	0.00594	mcc	0.77992	0.01894	found:	598	13.28	notFound	545	13.63
TverskySimilarity	evaluationMode:	probability	FPRadius	2	similarityThreshold:	0.60	ba:	0.75639	0.00844	f1:	0.87685	0.00827	mcc	0.57291	0.01718	found:	835	17.28	notFound	307	17.27
TverskySimilarity	evaluationMode:	top	FPRadius	1	similarityThreshold:	0.60	ba:	0.76118	0.01893	f1:	0.89104	0.00957	mcc	0.52336	0.02595	found:	1116	3.69	notFound	26	3.64
TverskySimilarity	evaluationMode:	probability	FPRadius	3	similarityThreshold:	0.60	ba:	0.85396	0.01380	f1:	0.92837	0.00741	mcc	0.74414	0.02052	found:	598	12.39	notFound	543	12.88
TverskySimilarity	evaluationMode:	probability	FPRadius	1	similarityThreshold:	0.60	ba:	0.64867	0.01048	f1:	0.78592	0.02307	mcc	0.34400	0.01917	found:	1113	5.88	notFound	31	5.76
TverskySimilarity	evaluationMode:	top	FPRadius	2	similarityThreshold:	0.55	ba:	0.80041	0.01690	f1:	0.90966	0.00766	mcc	0.60510	0.02874	found:	987	7.41	notFound	156	8.62
TverskySimilarity	evaluationMode:	top	FPRadius	3	similarityThreshold:	0.55	ba:	0.85756	0.01507	f1:	0.93253	0.00874	mcc	0.72210	0.03272	found:	726	9.28	notFound	417	9.50
TverskySimilarity	evaluationMode:	probability	FPRadius	2	similarityThreshold:	0.55	ba:	0.71659	0.01189	f1:	0.83753	0.01324	mcc	0.49928	0.02467	found:	985	7.33	notFound	158	7.51
TverskySimilarity	evaluationMode:	probability	FPRadius	3	similarityThreshold:	0.55	ba:	0.80699	0.00923	f1:	0.90346	0.00684	mcc	0.66548	0.01535	found:	731	14.24	notFound	411	15.44
TverskySimilarity	evaluationMode:	top	FPRadius	1	similarityThreshold:	0.55	ba:	0.74542	0.00981	f1:	0.88449	0.00496	mcc	0.49418	0.01386	found:	1129	5.23	notFound	13	3.80
TverskySimilarity	evaluationMode:	top	FPRadius	2	similarityThreshold:	0.50	ba:	0.77864	0.01737	f1:	0.89924	0.00850	mcc	0.56706	0.02923	found:	1075	10.78	notFound	67	8.94
TverskySimilarity	evaluationMode:	top	FPRadius	3	similarityThreshold:	0.50	ba:	0.82370	0.01392	f1:	0.92047	0.00746	mcc	0.65829	0.02083	found:	875	14.07	notFound	268	13.78
TverskySimilarity	evaluationMode:	probability	FPRadius	1	similarityThreshold:	0.55	ba:	0.63067	0.02032	f1:	0.77848	0.02772	mcc	0.30048	0.03820	found:	1129	3.23	notFound	14	2.50
TverskySimilarity	evaluationMode:	probability	FPRadius	2	similarityThreshold:	0.50	ba:	0.69181	0.01445	f1:	0.81980	0.01559	mcc	0.44218	0.02998	found:	1076	2.80	notFound	66	2.72
TverskySimilarity	evaluationMode:	probability	FPRadius	3	similarityThreshold:	0.50	ba:	0.75772	0.01193	f1:	0.87432	0.00848	mcc	0.57819	0.02426	found:	871	12.62	notFound	270	13.88
DiceSimilarity	evaluationMode:	probability	FPRadius	1	similarityThreshold:	0.30	ba:	0.52948	0.00895	f1:	0.48776	0.06771	mcc	0.06599	0.02049	found:	1142	1.33	notFound	0	0.66
TverskySimilarity	evaluationMode:	top	FPRadius	2	similarityThreshold:	0.45	ba:	0.76489	0.01339	f1:	0.89314	0.00628	mcc	0.53439	0.02277	found:	1119	4.93	notFound	24	4.82
TverskySimilarity	evaluationMode:	top	FPRadius	3	similarityThreshold:	0.45	ba:	0.80060	0.01375	f1:	0.90919	0.00634	mcc	0.61163	0.02319	found:	1012	8.80	notFound	132	8.84
TverskySimilarity	evaluationMode:	top	FPRadius	1	similarityThreshold:	0.50	ba:	0.74733	0.01829	f1:	0.88562	0.00901	mcc	0.49455	0.03691	found:	1133	3.59	notFound	9	3.23
TverskySimilarity	evaluationMode:	probability	FPRadius	2	similarityThreshold:	0.45	ba:	0.65095	0.01293	f1:	0.76992	0.01564	mcc	0.35663	0.02919	found:	1120	5.27	notFound	24	4.75
TverskySimilarity	evaluationMode:	probability	FPRadius	1	similarityThreshold:	0.50	ba:	0.63455	0.01077	f1:	0.80693	0.01947	mcc	0.29602	0.01804	found:	1134	3.85	notFound	9	3.22
TverskySimilarity	evaluationMode:	probability	FPRadius	3	similarityThreshold:	0.45	ba:	0.70958	0.01669	f1:	0.83379	0.01429	mcc	0.47989	0.03557	found:	1010	12.90	notFound	133	12.85
TverskySimilarity	evaluationMode:	top	FPRadius	2	similarityThreshold:	0.40	ba:	0.76760	0.01335	f1:	0.89489	0.00632	mcc	0.53724	0.02181	found:	1131	4.49	notFound	12	4.41
TverskySimilarity	evaluationMode:	top	FPRadius	3	similarityThreshold:	0.40	ba:	0.78178	0.01703	f1:	0.90032	0.00798	mcc	0.56620	0.02697	found:	1090	8.22	notFound	51	7.43
TverskySimilarity	evaluationMode:	top	FPRadius	1	similarityThreshold:	0.45	ba:	0.74646	0.01779	f1:	0.88468	0.00868	mcc	0.49954	0.03315	found:	1135	2.58	notFound	5	2.30
TverskySimilarity	evaluationMode:	probability	FPRadius	1	similarityThreshold:	0.45	ba:	0.61052	0.01211	f1:	0.75767	0.02058	mcc	0.25745	0.02849	found:	1138	2.50	notFound	5	1.66
TverskySimilarity	evaluationMode:	probability	FPRadius	2	similarityThreshold:	0.40	ba:	0.63800	0.01185	f1:	0.76336	0.01749	mcc	0.32511	0.02975	found:	1130	4.28	notFound	12	3.36
TverskySimilarity	evaluationMode:	probability	FPRadius	3	similarityThreshold:	0.40	ba:	0.66907	0.01266	f1:	0.78682	0.01837	mcc	0.39860	0.02769	found:	1096	5.53	notFound	47	5.85
TverskySimilarity	evaluationMode:	top	FPRadius	1	similarityThreshold:	0.40	ba:	0.75612	0.01096	f1:	0.88976	0.00592	mcc	0.51203	0.01696	found:	1140	2.36	notFound	3	1.75
TverskySimilarity	evaluationMode:	top	FPRadius	2	similarityThreshold:	0.35	ba:	0.76910	0.01451	f1:	0.89563	0.00687	mcc	0.54149	0.02529	found:	1136	2.04	notFound	6	2.70
TverskySimilarity	evaluationMode:	top	FPRadius	3	similarityThreshold:	0.35	ba:	0.77020	0.01497	f1:	0.89637	0.00745	mcc	0.55050	0.02625	found:	1127	5.27	notFound	16	5.04
TverskySimilarity	evaluationMode:	probability	FPRadius	1	similarityThreshold:	0.40	ba:	0.58145	0.00425	f1:	0.67204	0.02342	mcc	0.19466	0.01010	found:	1139	2.24	notFound	4	1.19
TverskySimilarity	evaluationMode:	probability	FPRadius	3	similarityThreshold:	0.35	ba:	0.63798	0.00953	f1:	0.73143	0.01738	mcc	0.32955	0.02257	found:	1126	4.29	notFound	16	3.80
TverskySimilarity	evaluationMode:	probability	FPRadius	2	similarityThreshold:	0.35	ba:	0.61509	0.00918	f1:	0.73982	0.01689	mcc	0.27258	0.02259	found:	1137	3.69	notFound	5	2.84
TverskySimilarity	evaluationMode:	top	FPRadius	1	similarityThreshold:	0.35	ba:	0.74996	0.01675	f1:	0.88726	0.00831	mcc	0.49990	0.03158	found:	1141	1.90	notFound	2	1.14
TverskySimilarity	evaluationMode:	top	FPRadius	3	similarityThreshold:	0.30	ba:	0.77150	0.01240	f1:	0.89627	0.00599	mcc	0.55037	0.02682	found:	1135	3.49	notFound	8	2.76
TverskySimilarity	evaluationMode:	probability	FPRadius	1	similarityThreshold:	0.35	ba:	0.55541	0.00990	f1:	0.57812	0.08389	mcc	0.12759	0.02151	found:	1142	2.05	notFound	2	1.02
TverskySimilarity	evaluationMode:	top	FPRadius	2	similarityThreshold:	0.30	ba:	0.76254	0.01619	f1:	0.89186	0.00856	mcc	0.53302	0.02314	found:	1139	1.85	notFound	3	1.62
TverskySimilarity	evaluationMode:	probability	FPRadius	3	similarityThreshold:	0.30	ba:	0.61881	0.01237	f1:	0.70299	0.03058	mcc	0.28374	0.02939	found:	1136	2.66	notFound	6	1.55
TverskySimilarity	evaluationMode:	top	FPRadius	1	similarityThreshold:	0.30	ba:	0.75324	0.01970	f1:	0.88760	0.01062	mcc	0.51181	0.02827	found:	1141	2.36	notFound	2	1.00
TverskySimilarity	evaluationMode:	probability	FPRadius	2	similarityThreshold:	0.30	ba:	0.59835	0.00698	f1:	0.71684	0.03845	mcc	0.23222	0.01593	found:	1139	2.76	notFound	3	1.54
calc_ergfp	evaluationMode:	top	FPRadius	0	similarityThreshold:	0.90	ba:	0.89994	0.01090	f1:	0.94588	0.00578	mcc	0.81082	0.02134	found:	279	11.39	notFound	863	12.42
calc_ergfp	evaluationMode:	probability	FPRadius	0	similarityThreshold:	0.90	ba:	0.89697	0.01979	f1:	0.94431	0.00925	mcc	0.81020	0.03006	found:	283	11.32	notFound	859	10.75
TverskySimilarity	evaluationMode:	probability	FPRadius	1	similarityThreshold:	0.30	ba:	0.53145	0.00848	f1:	0.41124	0.04985	mcc	0.06541	0.01780	found:	1141	1.95	notFound	1	1.20
calc_ergfp	evaluationMode:	top	FPRadius	0	similarityThreshold:	0.85	ba:	0.85032	0.00576	f1:	0.92202	0.00484	mcc	0.70719	0.01874	found:	474	10.50	notFound	669	11.75
calc_ergfp	evaluationMode:	probability	FPRadius	0	similarityThreshold:	0.85	ba:	0.82507	0.01789	f1:	0.90736	0.01053	mcc	0.68463	0.03109	found:	465	6.95	notFound	677	7.47
calc_ergfp	evaluationMode:	top	FPRadius	0	similarityThreshold:	0.80	ba:	0.79482	0.01709	f1:	0.90143	0.00729	mcc	0.59434	0.02718	found:	695	12.98	notFound	447	12.54
calc_ergfp	evaluationMode:	probability	FPRadius	0	similarityThreshold:	0.80	ba:	0.71634	0.01309	f1:	0.83969	0.01245	mcc	0.48075	0.02642	found:	688	12.85	notFound	455	12.93
calc_ergfp	evaluationMode:	top	FPRadius	0	similarityThreshold:	0.75	ba:	0.76431	0.01693	f1:	0.89059	0.00632	mcc	0.52543	0.03508	found:	887	9.76	notFound	256	8.85
calc_ergfp	evaluationMode:	probability	FPRadius	0	similarityThreshold:	0.75	ba:	0.67556	0.01185	f1:	0.81138	0.01194	mcc	0.40482	0.02930	found:	889	13.08	notFound	254	13.62
calc_ergfp	evaluationMode:	top	FPRadius	0	similarityThreshold:	0.70	ba:	0.74724	0.01227	f1:	0.88590	0.00626	mcc	0.49667	0.02479	found:	1006	6.37	notFound	137	6.81
calc_ergfp	evaluationMode:	probability	FPRadius	0	similarityThreshold:	0.70	ba:	0.63784	0.00897	f1:	0.78393	0.01490	mcc	0.31700	0.02005	found:	1004	8.79	notFound	139	9.10
calc_ergfp	evaluationMode:	top	FPRadius	0	similarityThreshold:	0.65	ba:	0.73492	0.01784	f1:	0.88082	0.00902	mcc	0.47023	0.03270	found:	1071	3.29	notFound	71	3.58
calc_ergfp	evaluationMode:	probability	FPRadius	0	similarityThreshold:	0.65	ba:	0.61173	0.01062	f1:	0.74106	0.01642	mcc	0.26360	0.02598	found:	1071	5.27	notFound	72	5.78
calc_ergfp	evaluationMode:	top	FPRadius	0	similarityThreshold:	0.60	ba:	0.73284	0.01230	f1:	0.88020	0.00587	mcc	0.45860	0.02418	found:	1108	4.98	notFound	34	4.63
calc_ergfp	evaluationMode:	probability	FPRadius	0	similarityThreshold:	0.60	ba:	0.59896	0.01278	f1:	0.72921	0.03082	mcc	0.23313	0.02907	found:	1108	4.82	notFound	35	3.84
calc_ergfp	evaluationMode:	top	FPRadius	0	similarityThreshold:	0.55	ba:	0.72739	0.01352	f1:	0.87692	0.00659	mcc	0.45295	0.02398	found:	1123	3.42	notFound	19	2.73
calc_ergfp	evaluationMode:	probability	FPRadius	0	similarityThreshold:	0.55	ba:	0.57643	0.01219	f1:	0.68175	0.03556	mcc	0.18168	0.02777	found:	1123	4.84	notFound	20	3.79
calc_ergfp	evaluationMode:	top	FPRadius	0	similarityThreshold:	0.50	ba:	0.72317	0.01078	f1:	0.87594	0.00529	mcc	0.44212	0.02128	found:	1130	4.50	notFound	14	4.05
calc_ergfp	evaluationMode:	probability	FPRadius	0	similarityThreshold:	0.50	ba:	0.56958	0.01061	f1:	0.68996	0.01950	mcc	0.16571	0.02515	found:	1129	3.83	notFound	13	3.17
calc_ergfp	evaluationMode:	top	FPRadius	0	similarityThreshold:	0.45	ba:	0.72552	0.01583	f1:	0.87768	0.00722	mcc	0.44507	0.03072	found:	1135	2.21	notFound	8	2.21
calc_ergfp	evaluationMode:	probability	FPRadius	0	similarityThreshold:	0.45	ba:	0.55809	0.00434	f1:	0.62119	0.05049	mcc	0.13766	0.01027	found:	1135	3.60	notFound	8	2.42
calc_ergfp	evaluationMode:	top	FPRadius	0	similarityThreshold:	0.40	ba:	0.73275	0.01331	f1:	0.88127	0.00573	mcc	0.45390	0.02399	found:	1140	2.76	notFound	3	2.33
calc_ergfp	evaluationMode:	probability	FPRadius	0	similarityThreshold:	0.40	ba:	0.54594	0.01098	f1:	0.60923	0.05494	mcc	0.10885	0.02662	found:	1140	2.74	notFound	4	2.00
calc_ergfp	evaluationMode:	top	FPRadius	0	similarityThreshold:	0.35	ba:	0.72894	0.01224	f1:	0.87991	0.00537	mcc	0.44390	0.02132	found:	1140	2.02	notFound	2	1.45
calc_ergfp	evaluationMode:	probability	FPRadius	0	similarityThreshold:	0.35	ba:	0.53504	0.00669	f1:	0.54803	0.06972	mcc	0.08124	0.01661	found:	1139	2.57	notFound	3	1.69
calc_ergfp	evaluationMode:	top	FPRadius	0	similarityThreshold:	0.30	ba:	0.72747	0.01372	f1:	0.87811	0.00670	mcc	0.44808	0.02827	found:	1139	1.47	notFound	3	1.02
calc_ergfp	evaluationMode:	probability	FPRadius	0	similarityThreshold:	0.30	ba:	0.53164	0.01010	f1:	0.50276	0.08484	mcc	0.07150	0.02348	found:	1141	2.11	notFound	2	1.28
